accident_risk,flood_risk,traffic_risk,lighting_risk,road_condition,weather_condition,time_of_day,day_type,risk_score
59.4,7.3,32.0,22.9,65.2,Rain,Night,Weekday,45.3
7.5,24.7,50.4,7.1,24.9,Rain,Afternoon,Weekday,24.7
73.8,5.6,74.5,60.9,35.5,Clear,Night,Weekday,61.3
13.2,81.3,58.3,69.6,64.7,Rain,Night,Weekday,73.3
75.5,60.7,78.9,51.2,62.8,Clear,Morning,Weekday,66.4
24.8,14.1,32.2,55.9,37.4,Clear,Morning,Weekday,33.4
60.1,59.8,23.7,63.3,22.3,Clear,Night,Weekday,61.5
63.2,80.9,72.1,23.3,12.4,Clear,Morning,Weekday,58.1
79.5,33.3,62.4,36.7,78.6,Rain,Morning,Weekday,69.3
27.3,57.6,81.8,37.0,26.4,Fog,Afternoon,Weekday,42.4
14.3,61.5,73.4,38.8,14.8,Clear,Night,Weekday,45.2
78.2,6.0,67.7,59.5,50.3,Clear,Evening,Weekday,58.1
43.6,90.8,80.1,26.1,47.5,Clear,Night,Weekend,59.2
59.3,59.8,22.2,66.0,50.5,Heavy Rain,Afternoon,Weekday,76.8
6.7,88.6,80.3,71.5,33.1,Clear,Night,Weekend,63.8
46.3,11.2,70.8,66.3,19.6,Rain,Afternoon,Weekday,45.6
41.0,24.1,53.1,63.4,25.1,Clear,Night,Weekday,53.8
49.0,15.9,28.0,32.0,54.1,Clear,Morning,Weekday,37.0
24.5,86.5,78.8,10.7,27.9,Rain,Morning,Weekday,56.9
53.5,47.5,72.8,69.6,24.3,Clear,Afternoon,Weekday,49.9
67.0,65.6,88.7,12.9,40.2,Clear,Night,Weekday,55.5
43.1,43.0,32.3,25.0,79.2,Clear,Night,Weekday,44.6
89.9,80.2,87.5,79.1,73.7,Clear,Afternoon,Weekday,78.6
10.0,39.1,88.8,26.2,68.8,Rain,Afternoon,Weekend,49.0
52.2,69.7,22.4,28.7,82.7,Rain,Afternoon,Weekend,59.5
54.7,50.3,78.2,17.6,82.1,Clear,Morning,Weekday,60.8
25.0,15.8,81.2,24.7,54.6,Rain,Afternoon,Weekday,40.5
84.5,23.4,67.3,24.1,39.7,Rain,Morning,Weekday,59.6
11.2,46.2,89.9,84.7,15.5,Clear,Morning,Weekend,44.6
79.7,38.3,22.6,71.7,62.8,Rain,Night,Weekday,74.5
74.5,31.9,63.1,80.1,20.1,Clear,Morning,Weekday,53.8
56.4,69.6,26.3,55.7,29.8,Rain,Night,Weekend,71.4
41.0,29.9,10.3,66.7,57.8,Clear,Evening,Weekday,43.5
5.8,11.8,80.6,77.3,50.9,Heavy Rain,Afternoon,Weekday,41.1
31.2,85.9,73.7,73.9,77.4,Clear,Morning,Weekday,69.3
80.2,41.6,59.7,17.4,79.7,Heavy Rain,Night,Weekend,79.2
7.1,71.3,36.6,79.5,70.2,Heavy Rain,Evening,Weekday,78.5
14.2,83.5,78.7,22.8,71.2,Rain,Afternoon,Weekend,54.8
7.0,22.4,36.3,74.1,82.5,Clear,Evening,Weekday,48.2
50.6,89.5,19.2,82.6,23.4,Fog,Morning,Weekday,54.5
66.9,33.2,58.5,45.9,38.9,Rain,Morning,Weekday,57.2
83.7,53.5,67.6,64.4,60.3,Clear,Morning,Weekday,67.3
31.7,81.3,67.6,29.0,33.2,Clear,Afternoon,Weekday,45.4
40.7,89.6,64.2,77.2,56.2,Clear,Afternoon,Weekday,60.4
41.5,57.2,62.4,42.2,43.2,Clear,Afternoon,Weekend,48.6
19.4,12.6,51.2,55.6,35.1,Heavy Rain,Evening,Weekday,42.6
21.9,7.2,29.6,43.0,73.7,Clear,Afternoon,Weekday,29.7
64.2,49.5,29.5,57.5,10.4,Heavy Rain,Evening,Weekday,64.7
20.0,91.2,51.4,9.0,28.7,Heavy Rain,Afternoon,Weekend,57.8
89.0,58.6,86.0,76.3,55.9,Heavy Rain,Afternoon,Weekend,96.4
81.3,71.9,48.0,25.7,28.5,Rain,Evening,Weekday,69.5
28.3,12.0,32.9,26.7,34.0,Rain,Morning,Weekday,31.7
65.0,10.8,42.6,48.4,41.2,Clear,Afternoon,Weekend,40.3
64.1,82.1,71.2,35.4,10.4,Clear,Evening,Weekend,57.9
40.6,72.3,53.7,53.3,26.5,Clear,Afternoon,Weekday,46.4
62.7,41.4,23.2,42.4,19.6,Rain,Morning,Weekday,49.0
7.3,62.8,20.9,41.9,13.8,Clear,Morning,Weekday,30.0
37.2,72.7,76.6,25.2,16.1,Clear,Afternoon,Weekend,44.0
60.3,75.3,62.1,65.3,81.2,Clear,Morning,Weekday,67.8
61.9,55.8,27.4,61.0,67.5,Clear,Evening,Weekend,55.6
74.6,91.8,18.6,7.1,33.4,Rain,Night,Weekday,59.2
11.5,67.2,60.2,13.2,67.9,Heavy Rain,Evening,Weekday,71.9
71.5,36.2,44.3,34.6,47.9,Clear,Evening,Weekend,47.4
86.7,62.2,76.3,61.6,42.7,Heavy Rain,Night,Weekday,100.0
50.7,48.5,44.8,63.5,30.1,Heavy Rain,Evening,Weekday,71.5
25.7,46.8,58.8,35.3,12.2,Heavy Rain,Morning,Weekday,53.4
33.9,84.2,66.1,27.1,10.8,Fog,Morning,Weekend,45.6
69.4,67.2,61.7,44.3,69.5,Clear,Morning,Weekday,64.1
54.4,47.6,52.5,39.0,65.9,Clear,Evening,Weekday,55.3
15.3,22.3,19.6,47.9,67.2,Clear,Morning,Weekday,33.1
88.0,52.2,32.6,13.0,24.6,Clear,Morning,Weekday,47.5
28.3,92.7,54.3,60.8,19.5,Heavy Rain,Afternoon,Weekend,65.7
44.9,44.6,24.7,9.1,80.6,Rain,Evening,Weekday,49.0
58.5,9.8,21.9,50.0,32.8,Fog,Morning,Weekend,36.7
72.2,25.3,51.8,41.0,43.2,Heavy Rain,Night,Weekday,66.6
56.8,71.6,85.8,21.6,25.8,Rain,Morning,Weekday,64.6
5.2,45.5,57.5,28.3,27.4,Heavy Rain,Evening,Weekday,50.1
83.5,75.9,60.0,57.9,80.0,Clear,Afternoon,Weekday,72.1
75.3,11.4,23.3,29.6,66.2,Rain,Morning,Weekday,50.8
64.5,89.8,50.0,44.5,16.0,Clear,Afternoon,Weekday,52.1
12.8,91.6,76.9,51.0,81.3,Fog,Evening,Weekday,65.2
69.3,47.3,62.1,78.3,23.6,Rain,Evening,Weekday,71.3
34.6,35.0,63.6,73.6,34.7,Rain,Morning,Weekend,51.2
51.8,45.9,35.2,30.9,82.8,Clear,Afternoon,Weekend,49.0
51.1,42.2,25.0,33.9,66.7,Rain,Evening,Weekday,55.5
83.9,44.4,65.9,14.7,83.0,Rain,Morning,Weekday,71.3
51.9,13.4,89.4,78.0,44.6,Clear,Evening,Weekday,59.6
48.3,29.6,76.8,83.4,28.3,Rain,Afternoon,Weekend,55.0
79.7,82.8,32.1,68.2,41.1,Fog,Afternoon,Weekend,63.2
30.4,57.8,89.9,44.2,21.1,Rain,Afternoon,Weekday,53.5
43.7,34.0,25.1,60.8,52.9,Clear,Evening,Weekday,47.9
64.9,78.0,40.9,58.1,71.6,Fog,Afternoon,Weekday,64.4
55.2,83.3,79.9,40.2,49.4,Rain,Evening,Weekday,76.8
18.1,47.3,87.5,32.1,62.0,Rain,Night,Weekend,57.3
37.3,33.5,67.5,65.8,75.4,Clear,Morning,Weekday,57.1
89.8,72.2,44.7,12.9,57.5,Heavy Rain,Afternoon,Weekday,82.8
8.9,76.7,33.5,35.0,20.9,Rain,Afternoon,Weekend,37.6
11.7,83.4,59.6,24.3,78.5,Clear,Afternoon,Weekday,47.7
5.8,77.4,82.1,59.2,21.8,Clear,Afternoon,Weekday,45.2
41.1,27.5,77.6,20.9,38.9,Rain,Morning,Weekday,50.6
89.4,31.6,88.2,57.7,30.6,Rain,Evening,Weekend,65.3
56.5,49.7,82.3,27.9,69.9,Rain,Afternoon,Weekday,65.4
62.6,69.9,62.7,72.1,57.1,Fog,Evening,Weekday,74.1
54.3,70.9,17.2,28.6,66.1,Clear,Morning,Weekday,51.3
50.1,87.2,76.4,25.6,71.9,Rain,Evening,Weekend,69.5
14.8,91.7,21.3,82.3,74.5,Heavy Rain,Night,Weekend,85.3
36.1,76.2,11.1,47.9,44.1,Rain,Evening,Weekday,56.5
84.9,14.8,28.7,7.0,76.3,Rain,Night,Weekday,47.9
75.0,86.8,34.2,37.7,20.5,Fog,Afternoon,Weekday,54.2
80.4,17.2,46.3,58.6,65.7,Fog,Afternoon,Weekend,53.9
40.3,13.9,49.1,37.6,81.4,Clear,Afternoon,Weekday,43.5
77.7,13.9,64.9,48.6,83.3,Clear,Afternoon,Weekday,53.3
77.1,45.9,63.0,56.3,54.8,Clear,Evening,Weekday,64.1
53.0,11.2,71.2,21.6,26.2,Heavy Rain,Afternoon,Weekday,46.1
5.2,82.3,21.6,15.4,28.8,Clear,Evening,Weekday,30.5
72.1,26.4,35.9,18.9,13.9,Heavy Rain,Afternoon,Weekend,48.7
71.1,51.2,18.7,45.3,80.9,Clear,Evening,Weekend,56.5
43.9,91.8,14.9,43.3,40.1,Rain,Afternoon,Weekend,50.3
11.9,59.7,15.3,27.0,57.5,Rain,Afternoon,Weekend,39.2
43.6,59.5,17.9,61.1,74.0,Rain,Evening,Weekend,61.0
43.4,25.6,37.1,41.3,41.2,Clear,Afternoon,Weekday,35.2
18.0,88.1,15.4,71.5,17.0,Clear,Evening,Weekend,45.1
54.8,55.5,36.4,14.8,36.5,Rain,Evening,Weekend,52.6
87.3,59.0,38.1,51.2,26.0,Rain,Morning,Weekday,65.5
36.2,73.6,55.9,69.6,73.4,Fog,Evening,Weekday,68.8
7.2,88.6,76.4,26.4,23.5,Heavy Rain,Afternoon,Weekday,55.7
78.9,56.0,42.1,16.3,57.5,Clear,Evening,Weekday,55.3
34.0,38.3,67.7,67.1,52.6,Clear,Morning,Weekday,52.0
62.3,29.5,63.0,43.9,43.2,Clear,Evening,Weekday,53.6
29.1,66.1,48.9,58.4,13.4,Clear,Afternoon,Weekday,39.5
23.0,17.4,30.4,31.2,10.6,Heavy Rain,Morning,Weekday,30.8
47.5,80.0,74.5,10.8,74.6,Clear,Morning,Weekend,58.9
53.9,56.6,66.8,38.4,18.6,Clear,Afternoon,Weekend,46.5
75.7,87.8,17.1,72.6,28.2,Rain,Afternoon,Weekday,63.9
33.9,35.0,23.5,45.8,18.6,Rain,Night,Weekday,43.2
74.6,78.4,28.9,16.7,24.8,Rain,Evening,Weekday,60.2
70.7,49.5,70.4,65.8,43.7,Fog,Afternoon,Weekday,61.6
78.5,61.4,22.1,10.5,43.2,Clear,Morning,Weekday,47.5
31.4,45.7,14.6,71.5,15.8,Heavy Rain,Night,Weekday,63.5
44.3,54.9,73.3,76.7,43.7,Heavy Rain,Evening,Weekday,91.7
17.8,10.6,18.3,76.9,35.8,Heavy Rain,Afternoon,Weekday,31.2
42.2,44.5,51.8,17.7,38.0,Clear,Afternoon,Weekday,38.9
72.1,63.3,15.3,12.6,60.9,Clear,Evening,Weekday,51.2
79.2,35.0,56.6,16.3,36.2,Fog,Evening,Weekday,55.2
84.7,32.9,40.1,68.3,71.0,Rain,Evening,Weekend,70.2
49.7,63.1,43.9,33.9,37.2,Clear,Morning,Weekend,45.1
24.3,17.4,16.2,72.6,17.6,Heavy Rain,Evening,Weekend,36.3
33.6,74.0,20.5,35.1,22.2,Heavy Rain,Evening,Weekend,59.4
42.2,42.0,64.1,24.0,43.3,Clear,Evening,Weekday,47.9
31.3,77.8,47.5,71.8,37.6,Fog,Night,Weekday,65.3
37.5,52.5,87.3,70.4,70.1,Clear,Morning,Weekday,63.0
52.1,14.2,77.7,73.1,31.4,Heavy Rain,Morning,Weekend,52.7
42.2,90.2,27.8,41.1,36.2,Clear,Morning,Weekday,47.7
89.5,38.7,12.3,79.5,72.9,Rain,Evening,Weekday,68.7
75.5,67.6,21.1,61.4,43.6,Clear,Morning,Weekday,56.6
51.6,70.5,52.2,13.9,31.6,Clear,Morning,Weekday,49.7
43.9,15.0,82.4,52.7,11.2,Rain,Morning,Weekday,46.3
57.3,26.7,43.3,58.1,16.4,Fog,Morning,Weekday,44.1
89.0,54.9,41.2,42.6,57.7,Fog,Morning,Weekday,64.3
34.3,71.0,60.3,66.7,65.1,Clear,Morning,Weekday,60.7
19.9,75.1,47.2,60.6,57.4,Heavy Rain,Morning,Weekend,69.2
29.9,8.9,26.0,8.4,80.0,Rain,Night,Weekday,32.7
69.0,22.2,38.6,67.5,74.9,Clear,Morning,Weekday,55.8
68.2,85.5,40.9,82.9,47.2,Rain,Night,Weekday,87.0
66.8,12.1,58.2,70.8,50.9,Clear,Morning,Weekday,50.8
56.2,43.4,65.2,33.1,13.2,Heavy Rain,Afternoon,Weekend,57.3
88.3,90.3,16.0,56.0,37.2,Heavy Rain,Evening,Weekend,79.9
56.6,75.3,12.8,10.4,68.4,Clear,Afternoon,Weekday,47.2
62.7,90.4,39.8,66.0,53.0,Rain,Afternoon,Weekday,67.2
14.6,71.2,49.9,36.0,52.1,Clear,Morning,Weekday,47.7
29.3,87.5,49.3,14.8,74.0,Rain,Night,Weekday,55.6
63.0,81.1,35.6,32.8,14.9,Rain,Night,Weekend,62.0
83.8,62.4,73.5,45.7,19.1,Clear,Morning,Weekend,54.5
52.1,38.2,74.3,49.1,55.9,Clear,Afternoon,Weekend,52.0
49.7,74.2,75.9,10.9,82.9,Rain,Afternoon,Weekday,67.4
79.6,75.2,61.2,19.6,82.5,Clear,Night,Weekday,65.2
18.0,19.8,35.8,61.7,36.0,Fog,Night,Weekend,45.9
59.0,54.6,20.0,29.2,50.0,Rain,Morning,Weekend,51.4
61.0,69.9,58.4,72.4,52.3,Heavy Rain,Morning,Weekday,90.1
54.0,63.6,71.4,38.3,57.9,Rain,Evening,Weekday,75.4
46.1,77.4,64.8,28.8,15.5,Clear,Afternoon,Weekday,44.9
56.6,33.1,67.5,63.7,74.6,Fog,Morning,Weekday,62.5
32.1,47.0,31.4,24.8,17.3,Clear,Afternoon,Weekday,29.0
78.6,19.4,36.2,51.2,33.5,Heavy Rain,Afternoon,Weekday,54.8
31.2,7.1,85.6,45.4,82.5,Clear,Afternoon,Weekday,45.0
80.0,63.9,47.6,47.9,73.5,Clear,Night,Weekend,69.8
36.1,41.1,55.6,20.6,51.5,Clear,Afternoon,Weekend,38.5
89.1,66.2,19.5,83.0,39.5,Heavy Rain,Afternoon,Weekend,83.4
21.9,50.8,50.0,8.6,20.3,Clear,Afternoon,Weekday,30.6
48.8,34.5,59.0,18.0,84.3,Heavy Rain,Morning,Weekday,69.1
50.2,68.8,34.0,70.3,37.6,Rain,Night,Weekday,77.2
66.7,66.9,12.1,43.0,82.5,Heavy Rain,Evening,Weekday,87.4
54.6,20.3,60.3,54.6,73.1,Clear,Evening,Weekday,59.2
14.3,6.7,35.1,17.1,61.8,Clear,Evening,Weekend,27.7
67.5,10.6,21.0,21.6,34.4,Rain,Afternoon,Weekday,37.1
82.5,35.8,38.3,66.8,64.1,Rain,Evening,Weekday,69.2
26.0,55.2,28.0,82.8,32.3,Clear,Morning,Weekday,41.4
34.6,89.0,73.6,26.9,19.1,Rain,Afternoon,Weekend,55.0
86.1,77.4,33.2,28.0,63.6,Clear,Afternoon,Weekday,59.4
22.2,53.5,84.6,60.7,20.3,Rain,Afternoon,Weekday,51.2
50.1,62.4,14.2,38.1,63.8,Clear,Evening,Weekday,49.4
84.0,41.6,84.8,75.3,45.8,Clear,Night,Weekday,78.6
82.2,13.1,55.9,47.8,64.2,Fog,Night,Weekday,63.6
19.9,87.8,89.8,36.8,47.2,Fog,Night,Weekend,61.0
5.8,56.1,18.6,83.6,31.3,Fog,Afternoon,Weekday,36.5
77.3,47.1,25.4,14.0,22.2,Rain,Morning,Weekday,52.5
72.2,56.1,70.6,19.0,74.2,Fog,Evening,Weekday,65.8
61.9,21.6,21.2,30.9,28.6,Clear,Morning,Weekend,35.5
30.7,70.1,10.9,57.3,62.0,Clear,Morning,Weekday,44.1
47.7,85.6,66.3,29.9,18.8,Fog,Morning,Weekday,54.7
16.4,18.8,69.8,53.5,41.2,Rain,Afternoon,Weekday,38.8
23.6,27.3,70.4,74.9,16.1,Clear,Evening,Weekday,47.5
10.2,54.3,50.4,50.8,21.2,Clear,Afternoon,Weekday,32.4
54.6,13.2,50.8,69.7,44.0,Rain,Afternoon,Weekday,48.4
73.6,70.1,41.7,70.3,65.9,Rain,Morning,Weekday,75.4
89.5,89.1,15.5,79.7,12.4,Clear,Evening,Weekend,66.2
59.9,42.8,89.4,35.6,75.2,Fog,Afternoon,Weekday,61.9
50.8,63.8,37.8,19.3,50.3,Rain,Evening,Weekday,56.3
6.9,31.9,63.9,48.6,49.9,Heavy Rain,Morning,Weekday,49.0
84.7,70.3,19.0,69.8,41.4,Heavy Rain,Night,Weekday,94.7
13.6,8.0,57.8,61.3,13.7,Heavy Rain,Afternoon,Weekday,28.2
78.4,10.1,50.3,28.1,71.2,Heavy Rain,Afternoon,Weekday,58.6
32.3,32.2,21.5,57.8,26.6,Clear,Morning,Weekend,33.4
82.5,61.3,44.2,44.6,82.9,Fog,Evening,Weekend,69.3
40.4,18.4,40.1,65.4,45.5,Heavy Rain,Afternoon,Weekday,49.6
82.8,55.6,87.4,49.6,20.1,Clear,Morning,Weekday,63.4
77.0,13.3,68.0,20.2,30.1,Rain,Evening,Weekend,48.9
69.7,70.2,54.7,43.4,75.2,Clear,Night,Weekday,69.7
86.8,15.6,90.0,43.3,28.2,Rain,Morning,Weekend,56.4
70.9,39.3,52.7,33.7,29.6,Rain,Afternoon,Weekday,57.4
44.9,80.6,83.1,34.7,41.0,Rain,Morning,Weekday,66.1
84.5,57.1,43.4,17.2,34.7,Clear,Evening,Weekday,54.5
63.2,28.2,75.7,82.3,58.1,Rain,Morning,Weekend,63.0
66.2,48.9,83.4,48.4,58.1,Clear,Morning,Weekend,60.8
61.8,73.8,43.0,72.4,27.4,Heavy Rain,Morning,Weekday,80.1
57.5,65.0,59.3,43.7,46.6,Clear,Afternoon,Weekday,53.3
28.4,93.0,11.4,70.1,60.6,Heavy Rain,Night,Weekday,81.6
17.7,22.3,52.1,70.2,30.0,Clear,Afternoon,Weekday,33.5
89.2,25.3,64.7,72.8,59.0,Heavy Rain,Evening,Weekday,80.0
52.0,10.1,10.8,18.7,47.5,Clear,Evening,Weekday,32.1
13.1,52.5,13.4,21.9,75.1,Fog,Afternoon,Weekday,32.1
83.7,85.9,55.1,7.6,79.7,Clear,Night,Weekday,66.9
65.6,40.8,16.2,18.0,28.0,Heavy Rain,Afternoon,Weekend,52.3
69.2,17.6,89.1,62.9,47.6,Fog,Morning,Weekday,61.4
34.0,74.2,86.4,36.7,68.0,Clear,Morning,Weekend,56.8
35.2,89.7,44.5,59.4,59.6,Clear,Evening,Weekend,60.6
12.0,18.9,66.9,55.7,65.5,Clear,Morning,Weekday,41.2
35.6,29.3,20.6,20.0,43.7,Rain,Afternoon,Weekday,34.4
12.9,58.8,36.0,35.8,31.9,Clear,Morning,Weekend,35.0
88.1,56.5,23.6,35.5,20.4,Clear,Afternoon,Weekday,46.7
40.8,48.6,16.2,25.1,28.5,Rain,Afternoon,Weekday,38.1
30.9,90.4,36.6,54.6,70.3,Clear,Afternoon,Weekend,55.7
87.8,17.3,35.7,80.8,25.1,Clear,Night,Weekend,60.3
64.1,49.2,56.1,24.4,38.2,Heavy Rain,Afternoon,Weekday,65.1
55.3,54.1,64.5,49.0,81.5,Rain,Evening,Weekday,74.5
63.9,78.7,73.7,37.7,47.4,Rain,Morning,Weekday,75.5
72.1,11.7,89.3,43.3,40.1,Rain,Night,Weekday,62.4
72.2,37.4,81.6,48.0,57.9,Clear,Evening,Weekday,64.2
60.0,9.0,88.7,59.2,40.0,Heavy Rain,Night,Weekday,70.1
27.0,51.0,51.5,51.4,53.1,Clear,Afternoon,Weekend,43.8
47.5,36.0,12.0,13.4,41.2,Fog,Morning,Weekend,31.7
31.5,46.0,26.5,43.6,45.7,Clear,Evening,Weekday,40.7
73.9,15.4,77.9,56.8,60.8,Clear,Night,Weekday,67.9
18.6,55.4,86.7,23.5,40.4,Clear,Evening,Weekday,44.7
57.2,22.8,57.4,36.1,62.9,Clear,Evening,Weekend,45.9
13.6,83.5,25.0,31.1,44.3,Clear,Night,Weekday,43.2
55.7,60.0,57.0,32.8,73.4,Rain,Evening,Weekday,69.8
57.2,12.6,20.7,14.4,32.9,Clear,Evening,Weekday,30.5
16.7,39.5,24.9,55.8,62.0,Rain,Night,Weekday,56.3
16.9,33.3,46.1,9.3,36.9,Clear,Morning,Weekend,29.7
48.0,49.5,64.8,38.3,73.0,Rain,Morning,Weekday,66.3
29.8,29.7,53.0,18.5,44.3,Heavy Rain,Evening,Weekday,48.4
14.7,74.8,75.9,34.3,71.7,Clear,Evening,Weekday,60.5
13.7,79.7,70.1,28.8,84.9,Clear,Afternoon,Weekend,51.8
89.5,74.8,29.0,69.9,54.1,Clear,Evening,Weekday,68.5
16.8,23.6,26.6,9.7,36.3,Clear,Afternoon,Weekday,22.8
29.6,29.1,78.6,83.8,60.9,Clear,Night,Weekend,65.3
89.4,83.0,20.2,74.3,28.7,Heavy Rain,Evening,Weekend,85.3
46.6,57.0,31.5,38.1,43.9,Rain,Night,Weekday,57.0
28.6,89.3,39.5,81.0,34.5,Clear,Evening,Weekend,57.9
44.0,64.8,38.7,10.1,50.1,Clear,Afternoon,Weekday,41.1
75.4,35.4,56.2,50.3,46.4,Clear,Evening,Weekday,56.8
71.6,46.4,19.9,73.6,43.1,Clear,Night,Weekday,65.2
16.2,63.5,22.7,79.6,30.6,Rain,Morning,Weekday,48.7
19.1,40.7,34.4,61.0,27.6,Rain,Evening,Weekday,44.8
16.3,25.4,64.4,5.7,62.2,Heavy Rain,Night,Weekday,42.0
11.0,39.5,68.5,13.2,33.5,Fog,Morning,Weekend,32.8
16.3,94.4,21.4,47.4,10.6,Rain,Afternoon,Weekend,40.2
17.9,42.1,64.9,73.8,16.5,Clear,Evening,Weekday,47.0
86.9,33.3,21.2,27.2,16.3,Rain,Evening,Weekday,50.3
63.7,81.3,62.7,29.1,48.8,Rain,Evening,Weekday,70.9
81.3,90.9,49.6,14.0,47.5,Rain,Afternoon,Weekend,68.4
84.4,16.9,78.9,50.5,37.4,Rain,Evening,Weekend,62.5
6.4,11.1,31.0,8.2,14.5,Heavy Rain,Afternoon,Weekday,17.1
40.3,68.2,16.6,47.9,56.2,Clear,Afternoon,Weekday,43.1
73.7,53.3,41.3,55.7,72.6,Rain,Morning,Weekday,72.7
76.9,10.2,16.9,39.8,44.0,Rain,Afternoon,Weekend,45.6
15.2,68.7,66.1,18.1,81.5,Rain,Evening,Weekend,54.4
15.8,75.3,31.5,75.9,67.9,Clear,Evening,Weekday,54.1
65.5,56.9,16.2,41.4,37.0,Rain,Afternoon,Weekday,53.5
13.7,56.7,67.8,23.3,48.2,Clear,Night,Weekday,42.4
37.6,18.5,84.5,73.6,51.5,Fog,Evening,Weekday,57.4
40.4,69.8,31.7,11.2,38.0,Rain,Night,Weekday,52.0
88.4,90.9,15.5,42.2,31.2,Heavy Rain,Afternoon,Weekday,71.7
22.1,55.7,34.3,54.8,44.8,Rain,Afternoon,Weekend,44.5
81.5,73.4,29.6,5.5,40.8,Clear,Afternoon,Weekend,51.6
85.8,5.1,62.6,72.9,64.5,Clear,Afternoon,Weekday,54.8
10.1,94.7,66.9,12.4,79.1,Fog,Afternoon,Weekday,50.6
87.8,12.6,17.6,15.7,71.5,Clear,Afternoon,Weekday,45.1
25.1,28.5,35.2,69.1,62.6,Heavy Rain,Afternoon,Weekday,49.1
22.2,75.2,56.8,17.4,22.3,Rain,Afternoon,Weekday,47.9
22.6,32.7,31.2,14.6,21.8,Rain,Evening,Weekday,29.7
76.1,34.5,17.3,24.9,36.7,Rain,Evening,Weekday,54.0
7.6,41.4,46.2,64.8,28.7,Rain,Evening,Weekday,42.6
75.6,93.4,20.5,70.9,37.9,Rain,Evening,Weekday,72.5
74.1,7.0,15.2,77.2,43.3,Clear,Night,Weekend,54.6
8.6,46.5,23.4,50.9,71.6,Clear,Morning,Weekday,36.0
23.3,21.8,32.4,75.7,12.6,Rain,Morning,Weekday,34.3
51.8,10.5,32.4,16.0,25.0,Fog,Afternoon,Weekday,31.6
72.6,94.0,72.6,33.7,50.8,Rain,Night,Weekday,76.7
20.3,33.7,27.5,76.7,68.4,Clear,Night,Weekday,55.8
90.0,92.7,18.0,57.5,30.0,Heavy Rain,Night,Weekday,94.7
23.6,81.2,73.8,33.4,72.9,Heavy Rain,Morning,Weekday,81.1
64.3,87.3,12.3,61.0,81.1,Rain,Afternoon,Weekday,71.1
79.9,49.3,34.7,44.2,16.8,Clear,Morning,Weekday,45.5
83.0,23.1,20.4,62.4,78.9,Heavy Rain,Afternoon,Weekday,65.6
83.0,74.7,77.7,73.9,82.0,Clear,Night,Weekday,88.2
30.7,17.3,22.6,80.9,69.4,Fog,Evening,Weekday,50.1
64.0,88.6,73.0,22.9,54.2,Clear,Afternoon,Weekday,59.0
67.0,90.4,85.9,36.3,84.6,Fog,Morning,Weekday,80.3
87.2,24.9,55.2,79.9,20.5,Heavy Rain,Morning,Weekend,60.1
80.3,13.0,66.7,56.1,76.5,Clear,Morning,Weekday,57.8
26.8,14.7,10.1,35.9,64.9,Fog,Night,Weekday,33.8
51.4,14.1,48.4,74.1,58.8,Rain,Morning,Weekday,55.4
30.1,33.7,86.1,10.9,22.8,Clear,Evening,Weekday,41.3
12.9,58.5,59.1,43.6,12.3,Fog,Morning,Weekend,33.3
13.6,23.5,25.2,60.8,64.2,Heavy Rain,Morning,Weekday,42.7
9.2,56.5,77.2,17.3,37.1,Clear,Morning,Weekday,42.3
22.0,7.3,23.7,28.3,16.1,Heavy Rain,Afternoon,Weekday,22.3
61.2,13.2,53.5,19.8,76.4,Clear,Afternoon,Weekday,43.6
24.2,29.2,14.9,65.2,60.1,Clear,Afternoon,Weekday,37.1
55.1,54.8,77.3,70.5,41.4,Rain,Night,Weekday,83.1
45.5,12.1,82.2,62.1,47.7,Fog,Evening,Weekday,56.7
15.2,73.1,23.8,83.7,82.9,Heavy Rain,Morning,Weekday,76.4
42.0,94.8,60.2,71.7,29.3,Fog,Night,Weekday,73.5
38.8,34.4,32.1,41.7,75.5,Heavy Rain,Evening,Weekday,62.0
40.2,18.3,57.0,65.7,80.5,Fog,Afternoon,Weekday,48.2
50.5,35.9,42.9,35.6,46.4,Rain,Morning,Weekday,49.6
56.7,67.4,13.1,76.2,34.9,Clear,Evening,Weekend,55.7
6.7,78.6,34.2,27.4,46.9,Rain,Morning,Weekend,40.4
87.8,44.9,76.1,26.6,41.3,Rain,Morning,Weekday,69.3
68.0,73.4,79.4,70.7,48.6,Clear,Afternoon,Weekday,63.3
77.4,84.1,12.3,20.4,72.5,Heavy Rain,Morning,Weekday,82.4
64.9,29.7,75.9,45.4,57.7,Clear,Morning,Weekday,57.6
20.1,83.3,57.0,33.0,22.3,Fog,Evening,Weekday,47.6
37.9,19.7,55.8,82.2,74.3,Rain,Evening,Weekday,61.8
6.7,75.2,71.4,5.7,78.4,Rain,Evening,Weekday,55.1
73.4,32.5,87.4,56.4,41.8,Clear,Afternoon,Weekday,55.5
62.6,79.2,41.8,13.2,48.4,Rain,Evening,Weekday,65.2
56.8,31.9,18.6,10.1,84.1,Rain,Night,Weekday,51.1
80.9,31.9,22.0,66.2,77.5,Heavy Rain,Evening,Weekday,77.2
62.9,69.9,62.4,84.8,29.5,Clear,Afternoon,Weekday,59.7
53.6,22.1,68.1,22.8,50.1,Heavy Rain,Night,Weekday,57.5
76.9,80.7,80.1,19.5,17.3,Clear,Morning,Weekend,57.8
20.6,66.2,36.9,12.1,36.6,Heavy Rain,Afternoon,Weekend,56.0
27.1,31.5,78.1,42.6,75.0,Rain,Night,Weekday,59.2
47.5,83.1,40.5,28.9,14.1,Heavy Rain,Morning,Weekday,66.0
53.4,86.6,46.6,30.3,63.7,Heavy Rain,Afternoon,Weekday,76.3
58.9,5.4,31.9,65.9,22.6,Heavy Rain,Afternoon,Weekend,39.7
57.2,62.0,42.3,82.2,38.7,Clear,Morning,Weekday,53.6
32.4,80.0,25.2,59.1,57.0,Clear,Evening,Weekday,52.6
37.6,58.0,23.4,70.9,32.4,Clear,Evening,Weekday,47.7
80.5,94.6,37.4,77.1,36.9,Clear,Night,Weekend,78.5
24.4,70.4,20.5,63.7,54.2,Clear,Afternoon,Weekday,41.2
79.5,28.0,52.8,8.9,84.6,Rain,Evening,Weekday,64.0
40.4,39.2,53.8,43.0,21.5,Rain,Evening,Weekday,52.1
61.3,29.3,58.5,16.0,72.3,Clear,Evening,Weekday,49.9
14.0,22.9,26.0,26.0,49.2,Clear,Evening,Weekday,26.7
47.2,23.7,84.6,31.4,10.2,Rain,Night,Weekend,48.9
17.7,13.1,50.9,62.9,17.6,Clear,Morning,Weekend,26.7
44.5,14.0,24.0,8.2,31.8,Heavy Rain,Afternoon,Weekend,31.9
69.4,9.1,78.2,58.1,22.8,Clear,Afternoon,Weekday,46.6
12.9,78.3,24.6,37.1,82.2,Clear,Afternoon,Weekend,46.0
60.2,76.7,19.0,60.7,14.4,Fog,Morning,Weekday,50.7
73.2,66.1,24.5,35.4,36.9,Clear,Evening,Weekend,53.6
16.1,87.8,19.0,37.9,13.4,Clear,Afternoon,Weekday,35.0
70.2,56.9,55.2,83.2,60.2,Clear,Afternoon,Weekday,59.6
61.2,27.4,37.7,59.1,38.9,Heavy Rain,Afternoon,Weekend,54.6
59.7,19.1,77.9,73.1,75.2,Clear,Afternoon,Weekday,58.3
9.3,25.0,61.5,37.3,27.6,Rain,Evening,Weekday,39.9
43.0,15.7,49.8,57.3,17.7,Clear,Afternoon,Weekday,31.7
56.4,60.7,34.4,45.7,25.5,Rain,Night,Weekday,58.4
23.9,45.9,54.8,54.6,45.5,Rain,Evening,Weekday,56.1
23.8,35.7,76.4,82.2,31.9,Rain,Evening,Weekday,58.0
16.9,69.5,67.7,13.6,55.8,Clear,Night,Weekday,44.6
71.4,69.5,18.6,38.2,79.5,Heavy Rain,Afternoon,Weekend,83.4
61.0,91.1,20.8,44.9,49.8,Clear,Night,Weekend,59.9
48.2,87.9,24.2,51.3,64.8,Clear,Afternoon,Weekday,56.1
47.8,39.6,88.4,78.3,67.2,Clear,Night,Weekend,72.6
16.3,42.1,66.0,64.9,32.4,Heavy Rain,Night,Weekday,71.3
58.8,23.1,59.9,28.2,35.9,Rain,Night,Weekday,53.6
47.8,67.5,35.8,14.2,36.4,Rain,Afternoon,Weekday,51.1
68.6,80.7,32.9,72.8,70.6,Rain,Morning,Weekday,76.3
22.0,72.5,22.9,27.9,28.8,Heavy Rain,Evening,Weekday,60.2
7.7,78.3,18.2,74.4,65.5,Heavy Rain,Evening,Weekday,69.5
71.7,76.9,33.0,58.2,79.5,Clear,Night,Weekend,77.7
51.9,6.2,30.1,54.6,68.6,Heavy Rain,Evening,Weekend,53.1
60.0,73.0,53.7,53.3,68.2,Fog,Morning,Weekday,67.1
20.9,20.6,51.1,35.2,42.1,Rain,Morning,Weekday,36.5
33.1,68.9,22.4,17.3,34.2,Clear,Night,Weekday,38.9
46.7,56.5,38.6,67.7,33.8,Clear,Morning,Weekday,48.5
40.4,53.3,17.4,22.7,26.0,Clear,Afternoon,Weekday,33.8
50.1,94.7,75.9,83.5,10.7,Rain,Afternoon,Weekend,65.7
57.8,91.3,64.6,30.7,78.7,Fog,Afternoon,Weekday,65.7
82.5,79.0,40.0,69.2,43.4,Clear,Night,Weekday,77.7
85.6,20.1,86.5,48.0,10.5,Clear,Evening,Weekend,54.5
41.1,14.4,53.0,61.2,83.2,Heavy Rain,Evening,Weekend,62.1
18.1,46.3,36.5,12.0,14.1,Heavy Rain,Afternoon,Weekday,37.7
27.0,39.9,60.4,39.6,11.3,Rain,Afternoon,Weekday,39.7
69.3,57.7,66.1,10.8,79.6,Clear,Evening,Weekday,60.0
70.0,44.4,41.6,57.9,45.5,Rain,Morning,Weekday,64.6
51.4,91.4,21.5,59.2,78.6,Heavy Rain,Evening,Weekday,88.2
52.0,55.0,19.9,5.4,54.7,Rain,Night,Weekday,50.4
81.8,35.9,43.0,56.7,48.4,Clear,Morning,Weekend,50.6
20.4,77.0,78.2,73.1,79.9,Fog,Afternoon,Weekday,59.7
10.7,13.8,68.0,44.0,34.8,Clear,Evening,Weekday,37.8
81.5,33.6,46.1,54.3,32.9,Rain,Afternoon,Weekday,55.6
41.4,5.4,29.7,22.7,65.5,Clear,Evening,Weekday,36.3
79.6,46.7,38.7,29.4,51.4,Clear,Evening,Weekend,54.1
16.9,53.5,31.1,75.9,15.7,Clear,Morning,Weekday,34.1
54.5,41.5,57.2,77.5,51.4,Rain,Night,Weekday,76.6
36.1,25.1,71.8,63.7,31.8,Rain,Afternoon,Weekday,46.6
61.3,81.3,74.5,54.1,22.4,Rain,Afternoon,Weekday,69.1
61.1,92.1,68.9,43.7,36.9,Clear,Afternoon,Weekday,59.3
8.6,23.6,82.6,33.9,45.2,Rain,Morning,Weekend,36.2
64.8,51.9,76.4,71.8,29.7,Rain,Morning,Weekday,70.2
60.5,80.2,51.3,35.1,78.0,Rain,Afternoon,Weekend,69.9
46.0,59.4,50.1,16.1,22.4,Clear,Evening,Weekday,42.2
35.8,69.6,19.5,23.4,70.8,Heavy Rain,Afternoon,Weekday,66.4
18.7,80.0,11.8,8.5,53.0,Clear,Evening,Weekday,36.7
9.8,28.2,24.4,81.7,55.0,Rain,Morning,Weekday,39.5
29.1,12.7,45.9,84.4,75.0,Clear,Evening,Weekday,52.8
74.7,21.4,62.8,26.2,64.3,Clear,Afternoon,Weekday,47.9
37.8,14.8,26.2,73.8,47.8,Clear,Morning,Weekday,37.4
57.3,8.5,72.7,45.3,18.8,Rain,Morning,Weekday,50.2
81.2,74.7,61.9,46.8,37.8,Clear,Afternoon,Weekday,62.0
72.1,39.3,57.1,64.3,67.1,Rain,Morning,Weekday,70.5
24.8,82.3,32.7,75.1,40.6,Clear,Evening,Weekend,53.6
15.0,5.6,62.4,60.0,33.7,Clear,Morning,Weekday,32.6
77.7,43.1,39.3,27.0,61.0,Heavy Rain,Afternoon,Weekend,69.3
36.5,54.9,30.3,29.5,35.8,Heavy Rain,Evening,Weekend,66.3
68.6,45.2,65.9,17.9,26.1,Clear,Afternoon,Weekday,46.5
65.1,19.5,87.2,5.4,16.8,Clear,Night,Weekday,37.8
23.9,12.2,13.0,35.7,83.8,Rain,Afternoon,Weekday,34.5
85.4,78.8,61.2,40.1,25.1,Rain,Evening,Weekday,72.0
56.0,51.4,28.5,18.6,12.7,Clear,Morning,Weekday,39.3
71.3,36.8,41.6,51.9,48.8,Heavy Rain,Morning,Weekday,68.1
75.5,87.4,37.8,82.1,30.7,Rain,Morning,Weekend,70.5
27.2,41.6,18.5,10.8,32.1,Fog,Evening,Weekend,30.4
74.1,56.7,65.5,82.3,52.2,Heavy Rain,Evening,Weekend,98.3
44.2,57.8,12.2,14.3,15.1,Rain,Night,Weekday,40.1
31.8,91.0,51.3,5.8,72.4,Clear,Morning,Weekday,55.4
11.5,88.8,48.1,33.3,77.1,Clear,Night,Weekday,55.6
47.4,23.0,68.8,74.8,25.5,Clear,Morning,Weekday,46.1
14.1,87.8,64.1,58.1,56.0,Heavy Rain,Afternoon,Weekday,69.6
57.8,49.3,88.8,76.8,75.2,Rain,Night,Weekend,87.3
23.9,56.9,14.3,68.9,45.9,Rain,Afternoon,Weekday,46.6
19.9,92.9,65.9,41.8,61.7,Clear,Morning,Weekday,56.8
57.1,28.4,53.9,24.0,45.4,Rain,Afternoon,Weekday,47.2
64.6,38.5,78.3,27.4,23.5,Clear,Afternoon,Weekday,44.0
27.9,26.2,44.6,35.5,20.9,Fog,Morning,Weekend,28.7
47.5,94.6,78.0,46.4,64.0,Heavy Rain,Afternoon,Weekday,83.8
38.9,67.1,14.8,70.1,45.7,Rain,Afternoon,Weekday,53.4
52.6,88.9,30.6,6.6,19.1,Heavy Rain,Night,Weekday,63.3
60.2,20.7,72.4,33.4,60.5,Rain,Evening,Weekend,56.5
29.4,61.9,21.6,18.4,70.6,Clear,Evening,Weekday,44.4
11.1,19.6,28.3,30.4,31.9,Clear,Evening,Weekday,25.6
78.3,37.7,57.0,82.2,41.0,Clear,Morning,Weekend,57.0
84.9,68.1,16.4,18.4,17.7,Clear,Night,Weekday,44.8
38.7,73.8,16.7,26.0,21.6,Rain,Night,Weekday,47.6
29.2,61.4,20.5,72.1,12.1,Rain,Night,Weekday,59.3
87.9,53.7,31.8,40.6,82.7,Rain,Morning,Weekday,70.0
59.0,55.8,51.9,56.2,33.2,Clear,Afternoon,Weekend,49.2
36.1,28.4,34.3,5.0,71.2,Heavy Rain,Afternoon,Weekday,45.4
83.4,90.2,48.2,5.7,42.3,Clear,Morning,Weekday,59.7
40.0,55.4,41.6,18.1,65.3,Clear,Afternoon,Weekday,43.1
25.4,73.8,82.8,69.6,61.3,Clear,Evening,Weekend,62.1
77.5,21.4,33.2,56.0,56.3,Clear,Evening,Weekday,51.5
9.2,53.1,24.9,13.2,30.2,Heavy Rain,Evening,Weekday,50.5
47.0,35.8,34.9,69.0,84.8,Rain,Evening,Weekday,66.7
85.9,10.0,72.1,10.7,45.3,Clear,Evening,Weekend,48.1
15.4,74.1,29.9,66.7,43.2,Heavy Rain,Morning,Weekday,66.0
49.3,93.4,47.8,59.5,33.4,Clear,Evening,Weekday,64.9
49.3,27.8,61.1,20.9,76.6,Heavy Rain,Morning,Weekday,64.4
32.6,20.1,32.1,14.6,69.2,Clear,Morning,Weekend,32.4
55.7,38.4,17.2,17.6,16.9,Rain,Night,Weekend,42.0
10.1,63.0,66.1,68.3,19.4,Clear,Night,Weekend,57.5
73.5,44.5,25.4,60.1,36.9,Clear,Night,Weekday,63.2
30.1,67.7,25.2,19.9,36.1,Heavy Rain,Morning,Weekend,61.0
52.1,11.2,22.4,28.7,29.8,Clear,Morning,Weekday,29.4
20.8,6.7,78.5,67.1,27.9,Heavy Rain,Evening,Weekday,48.0
49.5,49.8,54.1,54.0,34.2,Rain,Morning,Weekday,56.0
76.0,16.7,79.9,21.2,46.4,Clear,Afternoon,Weekend,48.4
49.7,68.1,30.5,34.3,55.4,Clear,Night,Weekday,51.9
80.6,12.2,74.1,9.9,51.9,Fog,Afternoon,Weekday,51.3
75.0,28.9,13.3,10.6,32.8,Fog,Night,Weekday,41.0
50.2,22.1,52.1,24.9,56.9,Clear,Evening,Weekday,43.2
59.3,37.2,46.7,58.2,76.2,Clear,Morning,Weekday,54.8
18.4,94.9,45.4,33.2,33.6,Fog,Afternoon,Weekday,46.0
41.6,70.3,58.7,50.1,26.0,Heavy Rain,Night,Weekday,87.6
43.0,40.7,68.1,83.6,54.7,Rain,Night,Weekday,72.5
23.9,82.0,11.7,70.8,61.7,Clear,Afternoon,Weekday,48.9
18.2,8.4,38.5,16.1,37.5,Rain,Morning,Weekend,22.2
39.0,87.6,68.7,62.9,69.5,Clear,Evening,Weekday,71.4
82.2,58.6,34.0,63.5,53.2,Clear,Morning,Weekend,56.7
74.5,42.5,79.4,74.6,27.0,Rain,Evening,Weekday,78.2
37.5,32.4,13.3,48.2,21.2,Rain,Morning,Weekday,37.3
38.4,45.1,57.6,45.4,26.7,Clear,Afternoon,Weekday,38.3
53.6,9.4,41.9,11.8,47.6,Heavy Rain,Morning,Weekday,44.6
46.5,63.7,25.7,54.3,65.2,Clear,Morning,Weekend,48.3
83.6,13.1,63.7,38.9,36.1,Clear,Afternoon,Weekday,45.5
89.0,60.5,89.2,40.4,20.9,Clear,Evening,Weekday,65.3
69.4,81.7,19.0,9.4,81.2,Fog,Night,Weekend,56.8
64.0,15.0,46.0,6.8,25.7,Rain,Morning,Weekday,41.3
46.1,70.7,21.3,60.9,11.4,Rain,Evening,Weekday,55.7
29.1,76.0,59.4,9.2,59.1,Clear,Afternoon,Weekday,47.8
61.1,82.8,11.5,74.4,58.7,Clear,Afternoon,Weekend,54.1
31.8,83.0,52.5,19.9,47.5,Rain,Night,Weekday,54.4
50.0,35.0,41.5,17.6,36.0,Clear,Evening,Weekday,42.5
47.6,78.1,60.1,75.3,76.8,Heavy Rain,Morning,Weekday,89.9
17.9,85.7,62.6,12.0,38.7,Fog,Evening,Weekday,47.0
25.4,18.7,87.6,77.8,34.7,Rain,Morning,Weekday,49.4
73.0,82.6,34.7,61.4,49.3,Clear,Night,Weekend,74.2
84.3,87.5,35.4,49.6,81.1,Clear,Afternoon,Weekend,68.9
70.1,84.2,43.1,37.9,43.2,Fog,Night,Weekend,63.9
71.2,14.6,24.8,66.0,55.9,Clear,Afternoon,Weekday,43.0
63.4,37.3,65.1,43.1,47.7,Rain,Evening,Weekday,67.6
46.8,17.4,25.5,7.6,67.3,Clear,Morning,Weekday,35.9
89.0,73.2,15.3,79.2,83.9,Heavy Rain,Afternoon,Weekday,90.2
26.0,41.4,13.3,63.8,38.5,Clear,Evening,Weekend,38.8
49.6,83.8,73.0,46.7,43.9,Heavy Rain,Morning,Weekend,79.2
38.6,71.2,54.6,46.3,57.3,Clear,Morning,Weekday,53.7
75.3,46.5,43.8,54.1,14.1,Rain,Morning,Weekend,56.5
66.4,15.2,72.3,80.0,62.2,Clear,Afternoon,Weekday,52.8
55.2,69.1,26.2,41.4,28.8,Rain,Night,Weekend,61.9
15.5,15.3,46.0,34.0,49.3,Clear,Evening,Weekday,36.4
37.2,39.3,71.5,78.0,52.4,Rain,Morning,Weekend,55.3
65.5,42.8,34.8,66.5,43.5,Rain,Morning,Weekday,58.8
57.9,27.8,46.7,73.4,50.8,Clear,Night,Weekday,63.2
45.4,41.9,16.4,53.0,28.4,Rain,Evening,Weekday,50.1
9.2,18.3,62.3,7.9,74.0,Rain,Evening,Weekday,40.4
9.2,42.5,24.3,58.8,55.8,Rain,Afternoon,Weekend,36.8
43.7,57.1,84.5,12.5,32.4,Clear,Afternoon,Weekday,45.1
51.8,31.4,20.8,60.6,30.6,Rain,Afternoon,Weekday,45.0
14.3,70.7,60.3,84.0,46.3,Rain,Night,Weekend,69.2
56.8,33.5,52.0,84.6,36.5,Clear,Afternoon,Weekday,49.2
46.9,21.2,58.8,61.7,83.4,Clear,Morning,Weekday,51.6
77.1,77.0,89.9,38.1,35.0,Rain,Evening,Weekday,77.9
28.9,76.1,34.6,45.5,34.3,Clear,Evening,Weekday,49.0
57.4,7.6,24.1,31.4,35.3,Rain,Night,Weekend,41.5
45.9,61.4,81.4,48.0,35.1,Heavy Rain,Afternoon,Weekend,79.2
30.4,70.2,35.2,47.9,25.6,Rain,Evening,Weekend,52.0
87.4,30.2,12.5,83.7,57.0,Heavy Rain,Afternoon,Weekday,65.9
78.5,72.6,66.4,30.2,12.4,Clear,Afternoon,Weekday,53.1
85.8,24.5,34.2,14.0,68.9,Heavy Rain,Night,Weekday,59.0
46.0,50.0,25.2,78.9,64.9,Rain,Evening,Weekday,67.1
74.9,89.4,64.1,15.6,64.3,Rain,Evening,Weekday,74.4
84.2,66.8,57.5,12.0,45.0,Clear,Afternoon,Weekday,54.4
54.1,33.1,81.4,30.7,24.4,Clear,Afternoon,Weekday,41.4
17.7,29.6,11.2,54.8,48.6,Clear,Afternoon,Weekday,27.3
64.9,30.5,29.6,10.7,56.0,Clear,Afternoon,Weekday,39.4
62.4,14.5,14.3,39.1,23.4,Rain,Afternoon,Weekend,38.5
57.4,33.1,75.4,62.0,60.3,Rain,Night,Weekend,78.0
16.2,78.2,83.6,42.5,44.2,Rain,Evening,Weekday,61.1
24.0,82.5,59.4,78.0,39.4,Rain,Evening,Weekend,65.8
43.5,7.7,48.0,33.1,44.6,Clear,Evening,Weekday,37.0
13.7,78.6,73.7,31.1,58.7,Heavy Rain,Afternoon,Weekday,67.7
57.8,54.3,87.9,35.7,35.6,Heavy Rain,Afternoon,Weekend,80.8
71.9,54.0,28.9,58.0,15.8,Fog,Afternoon,Weekday,49.6
44.3,55.0,75.8,19.1,81.7,Clear,Morning,Weekend,54.8
37.2,49.5,62.8,12.2,71.3,Fog,Night,Weekday,46.4
17.5,18.4,52.5,36.2,53.3,Clear,Evening,Weekday,38.3
82.6,32.4,85.5,39.8,83.7,Clear,Morning,Weekday,68.7
39.4,16.5,33.5,34.5,51.2,Clear,Evening,Weekend,35.1
78.2,82.9,28.8,61.2,39.6,Clear,Afternoon,Weekday,58.4
61.3,47.7,25.1,35.8,79.3,Heavy Rain,Morning,Weekend,69.8
16.4,11.5,11.3,62.7,46.5,Clear,Night,Weekday,42.6
40.3,46.0,73.1,53.4,41.9,Clear,Afternoon,Weekday,47.2
35.2,21.7,58.4,51.2,73.5,Clear,Afternoon,Weekday,44.0
36.2,93.0,55.5,61.4,18.5,Rain,Evening,Weekday,64.7
88.6,93.5,72.3,42.2,15.9,Fog,Morning,Weekday,72.3
86.6,12.0,60.7,68.8,33.4,Clear,Afternoon,Weekend,49.9
48.6,47.2,68.7,38.7,82.0,Heavy Rain,Morning,Weekday,79.6
68.7,70.4,55.1,9.9,45.5,Clear,Morning,Weekend,53.2
58.1,30.8,16.6,45.4,73.9,Clear,Morning,Weekday,46.5
6.2,15.0,24.0,52.3,21.3,Clear,Evening,Weekday,26.4
46.2,76.9,79.0,32.4,16.3,Clear,Night,Weekday,53.7
89.5,74.3,29.0,40.2,57.8,Clear,Evening,Weekday,65.2
69.2,15.4,23.4,36.9,32.6,Heavy Rain,Evening,Weekday,50.6
65.0,47.7,21.6,74.6,10.9,Fog,Afternoon,Weekday,48.1
63.0,8.7,83.4,56.0,81.7,Clear,Night,Weekend,69.0
27.7,13.8,62.3,36.3,68.0,Heavy Rain,Evening,Weekday,51.5
33.7,67.1,24.4,48.8,60.5,Heavy Rain,Morning,Weekday,68.8
42.9,24.7,32.7,20.4,11.8,Clear,Night,Weekday,31.1
85.8,62.4,66.6,14.6,74.2,Clear,Evening,Weekend,63.4
87.2,85.6,65.7,25.3,45.0,Fog,Evening,Weekend,67.4
41.3,86.3,71.6,30.9,22.1,Clear,Evening,Weekday,55.8
10.1,91.0,31.2,40.2,46.9,Fog,Evening,Weekday,47.3
17.2,74.2,27.5,56.5,78.4,Heavy Rain,Morning,Weekday,71.2
26.3,45.1,81.7,16.9,58.0,Fog,Evening,Weekday,50.8
81.9,56.7,51.2,80.2,46.8,Clear,Evening,Weekend,68.6
50.9,5.3,86.3,70.4,46.2,Rain,Night,Weekday,67.8
39.1,61.9,86.7,12.3,50.1,Fog,Morning,Weekday,55.4
60.1,20.9,13.1,35.7,24.3,Rain,Night,Weekday,42.3
12.2,62.0,68.8,16.2,24.5,Heavy Rain,Afternoon,Weekday,55.2
50.9,32.7,52.7,71.7,43.7,Fog,Morning,Weekday,53.9
8.6,15.6,74.6,58.4,44.4,Rain,Night,Weekday,52.7
83.6,8.3,21.3,57.3,45.3,Fog,Morning,Weekday,45.9
19.6,9.5,34.6,68.5,44.2,Clear,Afternoon,Weekend,28.2
47.3,76.9,27.6,69.4,42.0,Heavy Rain,Night,Weekday,87.9
87.9,56.8,21.0,71.9,69.5,Heavy Rain,Afternoon,Weekday,85.5
17.0,42.4,65.7,49.3,42.9,Fog,Morning,Weekday,46.0
57.1,75.0,11.3,44.0,10.5,Clear,Morning,Weekday,43.2
40.4,77.7,71.8,60.4,25.5,Rain,Afternoon,Weekday,62.9
56.9,8.4,24.4,45.0,81.3,Rain,Evening,Weekday,49.2
25.0,15.6,52.4,12.7,37.1,Heavy Rain,Afternoon,Weekday,36.0
61.0,29.9,25.5,68.7,61.4,Fog,Afternoon,Weekday,50.5
8.7,63.0,32.8,39.8,35.1,Heavy Rain,Evening,Weekday,61.9
83.6,20.8,72.8,43.8,18.7,Fog,Evening,Weekday,58.4
21.9,65.9,36.1,67.3,34.5,Clear,Evening,Weekend,46.0
23.8,47.4,48.8,76.2,20.9,Fog,Afternoon,Weekday,38.2
66.2,61.9,88.0,21.2,19.5,Rain,Morning,Weekday,67.6
44.0,20.4,37.5,75.9,55.3,Heavy Rain,Evening,Weekday,59.9
87.5,82.0,16.9,73.6,46.7,Fog,Afternoon,Weekend,63.2
67.1,71.3,29.7,31.2,53.5,Fog,Afternoon,Weekday,55.1
5.4,93.2,13.2,42.7,67.6,Clear,Afternoon,Weekday,43.6
74.8,45.7,29.2,49.7,10.9,Heavy Rain,Night,Weekday,66.8
60.0,13.2,48.4,29.4,62.7,Heavy Rain,Evening,Weekday,57.5
70.6,83.7,42.4,68.2,37.8,Rain,Evening,Weekend,72.2
80.9,35.0,12.6,39.1,30.2,Fog,Afternoon,Weekend,46.3
11.9,84.3,68.9,9.4,80.9,Rain,Night,Weekday,54.2
57.6,37.9,24.0,49.7,15.0,Heavy Rain,Morning,Weekend,50.6
14.7,48.1,85.1,51.4,81.9,Clear,Evening,Weekday,57.2
27.7,66.2,32.2,10.1,35.9,Rain,Afternoon,Weekday,44.1
62.7,53.0,33.4,54.7,70.0,Fog,Evening,Weekend,58.2
80.8,46.2,16.4,76.8,31.6,Fog,Morning,Weekday,55.4
47.2,83.7,51.7,55.2,32.0,Fog,Afternoon,Weekday,53.9
42.7,63.0,33.3,10.0,75.4,Clear,Night,Weekday,46.1
34.1,63.1,36.1,52.5,62.3,Heavy Rain,Afternoon,Weekday,70.4
72.1,20.5,30.8,43.7,82.8,Heavy Rain,Morning,Weekday,65.1
19.1,88.2,66.9,27.8,83.0,Heavy Rain,Evening,Weekday,78.2
25.2,8.7,35.3,15.1,29.5,Clear,Afternoon,Weekday,20.7
34.2,38.6,53.2,18.0,32.6,Fog,Afternoon,Weekday,34.4
43.9,33.8,10.3,64.1,83.2,Clear,Evening,Weekday,48.4
85.2,93.3,55.9,16.8,52.4,Fog,Afternoon,Weekday,68.0
81.5,17.5,54.1,29.6,40.1,Heavy Rain,Afternoon,Weekday,53.2
59.5,57.5,27.8,79.9,30.8,Clear,Afternoon,Weekday,49.5
12.4,51.1,25.6,30.4,55.4,Fog,Night,Weekday,35.8
77.6,38.3,39.8,27.8,36.4,Fog,Night,Weekday,53.8
42.8,94.3,74.3,28.1,70.4,Fog,Afternoon,Weekend,61.0
54.9,12.7,26.6,43.0,75.1,Fog,Morning,Weekend,44.5
12.5,41.9,83.2,38.2,51.7,Heavy Rain,Evening,Weekday,60.2
37.5,54.8,13.4,71.1,72.6,Clear,Afternoon,Weekday,44.1
5.2,28.6,86.5,71.7,45.4,Rain,Night,Weekday,58.5
63.5,27.0,19.5,27.2,84.6,Clear,Evening,Weekday,47.7
78.8,61.5,48.1,60.5,19.0,Rain,Afternoon,Weekend,62.1
10.0,33.8,80.3,15.8,22.2,Clear,Afternoon,Weekend,29.1
29.6,52.7,84.9,46.1,67.5,Clear,Morning,Weekend,52.2
79.2,79.4,64.8,29.1,61.4,Rain,Morning,Weekday,78.8
6.1,51.6,39.8,43.8,35.5,Fog,Morning,Weekday,33.4
21.0,85.7,59.1,71.5,49.4,Rain,Afternoon,Weekend,55.9
44.1,11.9,75.5,78.9,46.0,Clear,Afternoon,Weekend,47.5
55.8,73.7,37.4,61.8,12.2,Heavy Rain,Morning,Weekend,68.5
24.3,16.3,20.4,11.3,61.8,Heavy Rain,Morning,Weekend,35.8
8.6,14.7,73.4,46.1,14.4,Clear,Morning,Weekday,32.3
69.1,75.4,83.6,21.4,77.6,Clear,Afternoon,Weekday,66.8
85.1,90.4,37.8,17.8,47.5,Heavy Rain,Morning,Weekday,78.5
54.1,6.3,27.4,20.3,31.1,Fog,Afternoon,Weekend,28.7
23.2,50.4,66.6,34.3,54.2,Clear,Night,Weekday,46.6
37.3,24.3,28.2,14.0,83.8,Clear,Morning,Weekday,39.6
64.9,55.1,13.2,31.2,18.7,Clear,Evening,Weekday,43.8
42.7,54.9,33.2,73.4,24.2,Clear,Evening,Weekday,51.4
20.2,94.9,49.3,13.4,42.9,Rain,Morning,Weekday,49.4
55.2,14.2,84.0,83.2,14.9,Fog,Afternoon,Weekday,50.5
15.4,80.4,68.0,27.3,63.5,Rain,Morning,Weekend,54.7
39.0,47.8,58.3,37.4,46.3,Clear,Evening,Weekday,48.9
47.3,61.6,20.8,13.0,14.0,Clear,Evening,Weekend,33.6
62.7,18.7,59.8,12.7,15.7,Heavy Rain,Evening,Weekend,45.0
61.3,49.1,30.9,32.5,74.5,Rain,Night,Weekday,63.0
82.8,39.5,35.2,35.1,44.5,Clear,Afternoon,Weekend,47.2
65.0,49.2,20.8,62.3,46.6,Clear,Evening,Weekday,54.5
53.6,47.8,78.3,45.5,39.4,Rain,Night,Weekday,64.9
88.1,33.8,12.3,8.6,72.8,Clear,Evening,Weekday,49.2
34.0,13.8,37.6,33.6,36.3,Rain,Morning,Weekday,36.1
82.4,10.9,34.4,32.0,11.5,Clear,Afternoon,Weekend,35.6
81.6,29.0,65.7,52.0,83.9,Clear,Afternoon,Weekday,61.7
13.5,65.8,36.9,45.2,67.4,Clear,Evening,Weekday,47.9
47.2,81.3,73.0,72.2,50.2,Clear,Morning,Weekend,60.5
24.2,71.9,17.4,72.5,17.1,Clear,Morning,Weekend,37.7
22.8,76.6,62.1,29.1,70.3,Clear,Afternoon,Weekday,49.3
58.1,45.8,71.1,19.4,11.4,Heavy Rain,Night,Weekday,60.1
86.8,71.8,47.4,80.0,50.0,Rain,Evening,Weekday,84.4
58.3,52.0,39.1,16.8,21.3,Rain,Afternoon,Weekday,47.6
75.6,10.8,26.3,38.0,71.8,Rain,Morning,Weekday,52.1
14.7,22.3,29.6,71.2,44.8,Rain,Afternoon,Weekday,32.3
18.5,17.3,30.7,69.3,59.4,Clear,Night,Weekend,49.3
6.7,82.4,16.7,53.1,75.0,Fog,Afternoon,Weekday,44.5
12.7,89.9,67.9,16.2,18.4,Heavy Rain,Night,Weekday,59.9
85.7,88.8,30.1,75.8,27.9,Clear,Evening,Weekday,69.6
38.1,72.4,28.9,38.8,20.8,Clear,Night,Weekday,43.5
55.1,49.1,40.0,80.9,33.7,Clear,Evening,Weekend,56.4
84.6,37.7,67.3,70.7,11.6,Fog,Evening,Weekend,62.7
85.0,67.2,73.1,24.2,51.5,Clear,Night,Weekday,65.9
15.4,83.0,78.6,36.1,78.2,Clear,Night,Weekday,57.4
74.9,26.2,26.8,76.2,78.7,Rain,Night,Weekend,76.3
7.9,83.0,75.9,80.2,45.3,Clear,Evening,Weekday,65.0
74.7,79.2,65.9,45.5,36.4,Rain,Evening,Weekend,74.3
7.3,9.7,61.3,55.4,69.3,Clear,Afternoon,Weekday,33.5
12.0,19.2,51.3,82.6,72.3,Heavy Rain,Evening,Weekday,59.4
32.1,48.1,68.8,25.9,61.6,Heavy Rain,Evening,Weekday,67.3
20.5,83.9,85.6,75.7,26.8,Fog,Night,Weekday,69.7
82.1,92.7,25.9,61.1,22.7,Clear,Afternoon,Weekday,55.7
36.3,90.3,19.4,62.5,42.6,Fog,Afternoon,Weekday,48.3
65.7,22.1,79.0,67.6,31.6,Rain,Morning,Weekend,57.9
89.6,30.5,64.2,38.5,40.6,Clear,Morning,Weekday,57.3
82.1,38.3,64.7,41.7,10.8,Clear,Afternoon,Weekday,48.6
65.6,68.8,68.9,25.5,17.1,Clear,Afternoon,Weekday,51.9
89.7,89.5,87.4,52.9,66.1,Clear,Morning,Weekday,78.2
38.5,38.4,87.4,49.8,53.5,Clear,Afternoon,Weekend,51.3
16.2,33.6,52.4,16.3,18.8,Clear,Morning,Weekend,27.7
68.6,88.4,32.6,75.2,56.0,Heavy Rain,Morning,Weekday,89.1
31.8,94.5,71.1,17.1,74.0,Rain,Evening,Weekday,64.6
24.5,8.2,30.8,61.5,42.7,Fog,Night,Weekday,46.1
65.3,48.7,49.4,72.7,75.0,Clear,Morning,Weekend,57.3
19.3,50.8,31.8,76.3,53.9,Rain,Night,Weekday,62.7
40.4,11.9,71.5,59.2,76.6,Clear,Evening,Weekday,55.3
55.2,90.6,77.0,17.3,16.1,Heavy Rain,Evening,Weekday,80.1
55.5,5.5,87.6,57.5,81.3,Clear,Evening,Weekend,59.2
53.4,24.0,13.9,56.5,34.2,Clear,Morning,Weekend,34.3
38.9,21.0,87.2,74.2,16.7,Heavy Rain,Morning,Weekend,50.8
69.0,63.9,19.6,44.3,42.4,Heavy Rain,Afternoon,Weekday,74.0
61.6,79.9,51.0,44.2,76.4,Rain,Afternoon,Weekday,72.6
73.9,60.2,44.7,39.1,13.0,Clear,Afternoon,Weekday,48.0
18.2,49.6,60.4,47.0,31.8,Clear,Night,Weekday,42.5
15.9,86.3,77.3,46.8,32.2,Clear,Morning,Weekday,51.2
41.1,13.5,62.9,50.5,29.0,Clear,Morning,Weekday,38.1
61.2,21.2,24.6,36.4,16.2,Heavy Rain,Morning,Weekday,44.9
62.0,61.1,31.2,82.3,75.4,Clear,Morning,Weekend,59.6
79.1,14.6,52.8,5.5,18.8,Clear,Afternoon,Weekday,38.0
87.1,59.2,48.9,54.5,83.0,Clear,Evening,Weekday,72.2
30.7,16.3,11.1,14.0,11.2,Fog,Night,Weekday,21.3
60.2,44.2,60.1,68.2,24.3,Clear,Afternoon,Weekday,46.3
19.1,18.7,66.2,82.1,45.4,Heavy Rain,Afternoon,Weekday,48.1
75.9,9.6,10.6,55.4,63.5,Fog,Evening,Weekend,50.4
52.1,31.2,49.0,43.9,54.3,Rain,Evening,Weekend,54.6
65.7,52.5,43.8,30.3,14.8,Fog,Afternoon,Weekday,45.5
84.8,36.2,65.8,6.7,31.6,Clear,Afternoon,Weekday,45.6
82.3,35.5,58.2,72.4,59.3,Clear,Morning,Weekday,64.8
75.8,65.6,68.8,68.7,70.0,Heavy Rain,Evening,Weekday,100.0
61.7,16.6,26.0,53.5,17.6,Clear,Night,Weekday,47.8
9.0,6.6,80.5,33.6,21.9,Heavy Rain,Night,Weekday,31.7
41.6,60.6,19.7,22.9,29.3,Clear,Afternoon,Weekday,37.4
27.7,18.6,65.2,46.2,60.2,Heavy Rain,Night,Weekday,54.9
76.5,15.0,18.5,53.8,68.7,Fog,Evening,Weekday,52.4
58.5,83.4,82.9,17.6,31.9,Clear,Afternoon,Weekend,53.3
60.0,35.1,21.0,72.9,42.9,Clear,Evening,Weekday,52.4
34.0,50.5,16.8,34.8,66.6,Clear,Evening,Weekday,44.2
40.8,25.5,74.1,38.1,40.7,Rain,Night,Weekend,51.3
7.5,18.1,10.8,69.5,80.8,Clear,Afternoon,Weekend,30.0
10.2,73.3,62.8,56.3,77.7,Clear,Evening,Weekday,60.1
49.2,31.6,42.2,59.5,51.5,Clear,Evening,Weekend,45.9
28.8,52.5,83.6,61.0,43.5,Clear,Afternoon,Weekend,49.9
64.3,84.9,72.5,37.4,24.8,Clear,Morning,Weekday,62.4
67.9,16.3,89.4,27.7,17.0,Rain,Afternoon,Weekend,48.4
7.4,76.7,57.4,24.3,68.1,Heavy Rain,Night,Weekday,65.4
36.7,61.4,38.4,8.8,58.8,Clear,Morning,Weekend,40.8
88.6,77.5,89.1,50.2,77.1,Rain,Afternoon,Weekday,82.2
29.2,75.6,67.2,58.8,63.6,Rain,Morning,Weekday,67.4
74.9,37.5,17.8,61.9,72.1,Clear,Morning,Weekend,51.3
42.9,38.2,52.1,52.1,48.9,Clear,Morning,Weekday,46.8
42.4,88.8,49.2,82.9,71.8,Clear,Morning,Weekday,64.0
64.9,82.7,19.4,22.0,45.5,Heavy Rain,Night,Weekday,77.3
56.1,41.8,19.7,50.7,13.0,Clear,Afternoon,Weekend,34.8
46.3,76.2,21.4,52.2,13.6,Fog,Night,Weekday,60.6
46.5,16.0,37.9,74.6,41.3,Rain,Afternoon,Weekend,46.1
45.4,69.8,58.5,66.0,47.9,Rain,Afternoon,Weekday,66.3
32.6,77.0,63.2,37.8,27.5,Clear,Afternoon,Weekend,47.9
67.6,63.1,79.3,61.6,52.9,Heavy Rain,Evening,Weekday,97.5
52.5,22.3,59.5,51.1,14.0,Rain,Morning,Weekday,50.0
15.2,89.3,24.4,6.5,69.0,Clear,Evening,Weekend,41.1
73.6,59.6,42.1,8.6,74.6,Clear,Afternoon,Weekday,55.1
32.0,28.1,19.2,12.9,22.6,Clear,Morning,Weekday,23.5
39.6,20.2,59.2,31.0,12.0,Clear,Afternoon,Weekday,30.4
32.6,38.8,76.2,14.7,25.2,Heavy Rain,Afternoon,Weekday,51.5
37.7,15.4,14.9,42.2,40.5,Rain,Afternoon,Weekday,35.0
27.9,91.7,64.0,24.7,51.6,Heavy Rain,Afternoon,Weekday,66.8
59.0,23.3,87.4,34.9,83.9,Heavy Rain,Afternoon,Weekday,70.9
43.4,5.1,47.2,71.3,31.7,Fog,Morning,Weekend,37.5
55.8,80.6,40.4,33.1,57.4,Rain,Afternoon,Weekday,63.8
52.9,32.1,41.6,14.8,20.5,Rain,Morning,Weekday,43.7
86.4,33.6,64.6,32.4,29.6,Heavy Rain,Afternoon,Weekday,65.5
34.0,46.4,58.0,6.3,61.9,Rain,Morning,Weekday,53.3
62.2,42.2,81.6,61.3,67.2,Rain,Evening,Weekday,75.0
7.6,79.9,63.7,58.8,36.5,Heavy Rain,Evening,Weekday,70.2
70.3,67.7,10.7,42.0,80.2,Clear,Morning,Weekday,54.0
83.3,37.2,17.2,54.1,32.7,Heavy Rain,Morning,Weekday,60.8
28.9,86.4,66.6,21.7,24.7,Heavy Rain,Afternoon,Weekend,63.8
47.0,54.7,62.8,50.3,61.2,Rain,Morning,Weekday,63.1
27.1,56.3,28.2,46.8,68.7,Clear,Evening,Weekend,47.3
50.3,27.8,54.8,41.3,80.3,Rain,Night,Weekday,62.8
41.8,94.6,31.9,59.4,45.0,Clear,Evening,Weekend,56.1
28.6,42.8,45.9,5.4,24.6,Clear,Afternoon,Weekday,30.8
88.1,43.1,16.0,25.0,22.3,Clear,Evening,Weekday,44.5
73.7,58.3,60.1,31.7,28.8,Clear,Morning,Weekday,52.6
33.4,76.5,85.5,67.1,56.5,Heavy Rain,Evening,Weekday,87.7
10.2,8.0,35.1,72.8,14.9,Clear,Night,Weekday,37.0
58.2,10.9,64.2,49.7,32.1,Clear,Morning,Weekend,39.1
56.0,64.4,10.8,35.7,69.6,Heavy Rain,Evening,Weekday,80.2
71.5,45.9,36.3,20.4,17.7,Rain,Morning,Weekend,48.9
53.7,62.4,30.5,38.7,64.3,Clear,Morning,Weekend,47.0
31.5,44.2,86.8,65.3,33.3,Fog,Evening,Weekday,56.1
34.1,38.2,10.6,51.9,60.9,Clear,Afternoon,Weekend,38.6
40.9,22.6,26.0,77.7,68.9,Clear,Evening,Weekday,52.6
56.0,34.8,56.3,82.0,56.2,Clear,Morning,Weekday,57.5
8.6,24.7,10.3,22.8,27.3,Rain,Morning,Weekend,22.5
33.2,71.6,26.4,19.7,84.2,Clear,Morning,Weekday,46.1
29.7,22.5,56.9,66.2,13.3,Clear,Morning,Weekday,39.0
66.1,35.6,54.4,19.3,11.6,Heavy Rain,Night,Weekday,57.5
37.2,75.9,18.9,79.9,32.9,Clear,Evening,Weekday,55.5
88.1,94.8,80.5,75.3,14.9,Clear,Night,Weekend,82.8
37.1,38.7,58.0,83.2,28.3,Clear,Evening,Weekday,53.6
72.1,34.5,14.3,68.6,75.5,Heavy Rain,Night,Weekend,83.3
11.9,47.4,63.1,10.2,48.1,Heavy Rain,Evening,Weekday,53.3
44.5,34.0,39.9,60.6,63.7,Rain,Morning,Weekday,56.6
54.6,8.3,27.6,21.2,74.7,Clear,Afternoon,Weekend,36.9
84.5,38.7,54.0,15.7,16.3,Clear,Afternoon,Weekday,43.8
57.8,43.3,47.4,37.7,70.3,Clear,Afternoon,Weekday,48.5
59.9,37.3,16.6,72.4,48.5,Rain,Evening,Weekend,56.7
11.1,8.4,26.0,20.7,34.7,Clear,Evening,Weekday,20.2
65.0,94.8,89.9,65.2,65.5,Fog,Morning,Weekday,80.6
71.6,41.3,42.5,51.4,59.1,Rain,Afternoon,Weekend,60.0
38.8,25.4,69.9,43.0,48.7,Heavy Rain,Evening,Weekend,56.8
72.3,33.2,25.0,66.6,62.3,Clear,Afternoon,Weekday,49.3
54.1,16.6,85.5,5.8,70.8,Heavy Rain,Afternoon,Weekday,57.9
39.3,75.1,53.0,31.1,11.7,Heavy Rain,Night,Weekday,69.6
33.1,61.7,58.2,53.6,75.0,Fog,Morning,Weekday,58.1
21.0,14.8,55.6,41.1,77.1,Clear,Morning,Weekday,38.6
63.6,49.0,24.9,10.6,82.2,Clear,Morning,Weekday,46.6
9.9,51.7,23.7,73.8,40.8,Clear,Morning,Weekday,36.7
10.8,91.0,79.3,15.4,25.4,Clear,Evening,Weekday,49.1
84.8,57.9,50.2,59.8,30.7,Clear,Morning,Weekday,58.8
73.6,52.3,82.8,75.3,44.5,Rain,Evening,Weekday,84.9
43.8,68.0,66.9,28.8,56.0,Heavy Rain,Morning,Weekday,82.4
67.3,46.2,82.9,19.7,52.6,Clear,Night,Weekday,57.8
28.3,61.5,33.4,78.3,62.4,Heavy Rain,Morning,Weekday,78.0
52.0,94.6,16.1,13.4,67.5,Clear,Afternoon,Weekday,50.6
44.3,11.6,65.6,65.0,38.6,Heavy Rain,Night,Weekday,62.7
14.7,87.5,36.2,64.9,46.4,Clear,Afternoon,Weekday,48.5
16.9,78.8,77.3,18.6,11.4,Clear,Morning,Weekday,43.6
11.6,73.7,64.2,17.3,36.9,Clear,Morning,Weekday,41.7
64.2,80.3,74.9,56.3,63.7,Fog,Afternoon,Weekday,66.6
5.4,74.5,71.4,79.3,38.1,Clear,Morning,Weekday,54.5
33.7,22.3,63.5,22.6,76.2,Heavy Rain,Evening,Weekday,56.6
40.3,14.7,36.2,50.0,24.2,Clear,Afternoon,Weekend,28.8
23.2,37.1,23.9,37.2,33.7,Clear,Afternoon,Weekday,30.7
60.2,38.2,15.4,22.5,32.6,Rain,Night,Weekday,46.9
89.2,81.5,23.7,81.7,55.0,Fog,Evening,Weekday,77.7
64.0,34.9,60.8,75.7,33.8,Heavy Rain,Afternoon,Weekday,67.0
54.7,39.4,61.2,23.6,54.1,Fog,Morning,Weekday,54.3
31.3,71.4,70.6,54.6,14.5,Clear,Morning,Weekday,48.6
8.2,88.1,57.8,80.7,65.4,Clear,Morning,Weekday,59.0
49.3,93.0,61.8,28.1,11.8,Heavy Rain,Afternoon,Weekday,67.8
82.1,64.9,29.9,60.0,64.0,Rain,Afternoon,Weekday,69.5
5.5,83.3,15.6,20.4,57.6,Clear,Morning,Weekday,37.0
75.7,88.9,28.9,11.3,64.4,Clear,Evening,Weekday,57.6
26.2,30.7,45.9,55.8,30.4,Heavy Rain,Morning,Weekend,45.2
19.3,44.7,50.4,63.8,67.0,Heavy Rain,Evening,Weekday,67.4
77.6,73.3,83.7,52.6,21.5,Heavy Rain,Morning,Weekday,88.6
36.9,59.5,15.8,15.9,45.2,Clear,Morning,Weekday,36.3
66.7,49.2,84.1,80.2,82.8,Clear,Afternoon,Weekday,68.1
39.7,8.5,83.7,35.8,52.4,Clear,Afternoon,Weekday,42.5
66.4,50.9,49.1,60.1,62.2,Rain,Night,Weekend,80.7
7.9,78.2,60.5,59.1,62.3,Rain,Morning,Weekday,59.0
26.6,59.2,86.1,72.3,10.9,Heavy Rain,Evening,Weekend,74.9
54.8,86.1,51.5,20.1,41.7,Heavy Rain,Morning,Weekday,78.6
61.0,39.5,34.6,37.9,75.7,Heavy Rain,Morning,Weekday,70.7
34.3,17.8,69.9,79.4,39.8,Clear,Night,Weekend,54.1
10.9,67.7,52.0,57.4,65.0,Clear,Afternoon,Weekday,44.5
20.5,90.4,46.1,70.1,23.9,Clear,Morning,Weekend,45.5
81.7,41.8,60.1,55.0,75.1,Clear,Morning,Weekday,63.6
34.1,57.7,48.2,58.8,17.6,Clear,Evening,Weekday,48.6
88.9,13.7,51.8,5.6,55.2,Fog,Evening,Weekend,47.9
33.6,43.7,39.7,76.2,85.0,Heavy Rain,Night,Weekday,81.7
9.9,37.0,36.4,13.0,44.3,Rain,Evening,Weekend,29.9
56.2,83.2,32.4,60.9,71.1,Clear,Evening,Weekday,65.6
40.1,21.9,88.9,81.6,70.9,Clear,Afternoon,Weekday,55.4
32.7,45.0,58.5,37.0,55.9,Clear,Afternoon,Weekend,45.3
88.9,82.1,82.4,63.7,32.0,Clear,Morning,Weekday,73.1
77.8,50.4,20.2,68.7,32.6,Rain,Afternoon,Weekend,57.5
42.9,15.4,63.0,24.3,25.9,Heavy Rain,Evening,Weekday,47.1
65.8,19.4,84.3,77.2,67.5,Clear,Morning,Weekday,63.4
15.5,17.2,52.8,63.0,16.8,Rain,Night,Weekend,48.9
56.1,63.0,40.2,62.4,65.2,Clear,Evening,Weekday,64.1
73.7,25.1,19.3,12.0,16.7,Heavy Rain,Night,Weekend,45.3
36.3,81.8,86.3,51.2,10.1,Clear,Afternoon,Weekend,53.0
32.2,37.9,64.3,68.7,49.0,Rain,Morning,Weekday,55.9
44.2,18.0,85.4,72.0,47.5,Rain,Evening,Weekday,63.1
73.1,68.3,57.9,29.7,84.3,Clear,Night,Weekday,66.3
75.4,49.6,66.3,35.1,83.6,Clear,Evening,Weekday,68.9
73.9,68.0,14.2,74.2,23.4,Rain,Afternoon,Weekend,63.4
77.1,94.2,53.8,32.0,60.8,Fog,Evening,Weekday,74.3
29.1,67.7,25.6,73.5,39.5,Clear,Evening,Weekday,52.4
77.2,68.9,46.6,18.1,20.3,Rain,Morning,Weekday,61.8
68.6,71.2,10.7,63.1,53.2,Rain,Night,Weekday,83.7
41.3,80.7,84.1,12.7,83.1,Clear,Morning,Weekend,59.9
55.4,92.3,60.2,37.3,12.5,Clear,Afternoon,Weekday,54.0
60.5,38.8,65.3,68.6,59.4,Heavy Rain,Night,Weekday,87.1
60.5,38.1,19.6,11.6,46.7,Rain,Afternoon,Weekday,45.9
53.7,29.6,69.6,68.5,23.6,Rain,Evening,Weekday,62.7
13.5,10.7,82.7,68.6,23.9,Heavy Rain,Morning,Weekday,42.4
74.0,49.0,51.5,51.8,63.5,Heavy Rain,Morning,Weekend,78.9
81.3,21.3,57.9,19.4,51.6,Heavy Rain,Morning,Weekday,61.2
18.7,55.6,78.1,7.8,83.5,Rain,Afternoon,Weekday,52.5
85.3,5.0,34.0,80.7,49.0,Heavy Rain,Evening,Weekday,63.3
64.1,52.0,88.9,33.2,50.4,Clear,Morning,Weekend,54.9
21.0,32.0,76.6,81.6,55.2,Clear,Afternoon,Weekday,47.0
11.3,27.9,40.5,77.3,40.0,Clear,Morning,Weekday,37.1
50.6,11.4,68.6,84.6,62.3,Clear,Afternoon,Weekday,51.2
56.4,42.8,22.3,84.4,42.5,Clear,Evening,Weekday,51.5
14.3,54.4,15.3,56.2,37.2,Clear,Morning,Weekend,31.1
5.8,38.9,87.5,35.3,17.9,Fog,Morning,Weekend,32.3
74.8,49.1,52.3,61.0,74.9,Rain,Evening,Weekend,73.9
85.5,40.1,37.6,64.3,82.6,Rain,Afternoon,Weekend,67.3
15.8,5.9,51.1,17.4,19.5,Clear,Evening,Weekday,25.5
87.8,68.7,29.9,53.7,63.0,Clear,Night,Weekend,76.1
28.4,43.5,85.3,75.5,71.1,Clear,Night,Weekend,68.6
31.6,13.1,16.4,63.4,80.9,Clear,Morning,Weekend,37.0
46.9,83.7,87.0,38.9,48.2,Heavy Rain,Afternoon,Weekday,82.9
80.5,67.8,42.4,54.3,78.3,Heavy Rain,Evening,Weekday,98.6
25.8,71.5,86.1,70.9,76.0,Rain,Evening,Weekday,79.8
62.3,84.4,51.9,23.0,15.6,Heavy Rain,Afternoon,Weekend,70.0
37.2,38.6,19.1,78.1,28.7,Rain,Evening,Weekday,49.7
30.0,24.2,69.0,50.5,26.3,Clear,Night,Weekday,52.7
8.0,46.7,59.4,44.1,36.7,Rain,Afternoon,Weekday,37.4
80.7,21.8,38.4,13.1,46.9,Clear,Afternoon,Weekday,39.9
46.4,19.0,62.5,23.1,39.7,Clear,Afternoon,Weekday,38.3
14.2,44.5,77.1,17.9,36.5,Clear,Afternoon,Weekend,34.0
21.1,8.6,41.6,64.5,77.6,Clear,Morning,Weekday,40.5
27.6,42.9,54.0,69.0,63.6,Clear,Evening,Weekend,51.7
83.5,80.9,41.1,13.8,18.1,Clear,Morning,Weekday,54.8
25.1,66.0,37.4,83.1,65.3,Clear,Morning,Weekday,53.9
26.1,18.7,50.9,25.0,67.5,Heavy Rain,Night,Weekday,49.5
21.9,68.6,74.8,61.1,47.7,Clear,Night,Weekday,67.2
24.5,16.9,13.1,84.2,79.7,Clear,Evening,Weekday,42.0
39.6,32.6,60.7,23.5,35.2,Rain,Afternoon,Weekday,42.3
27.9,30.3,38.1,38.4,34.0,Clear,Morning,Weekday,35.1
23.0,47.5,82.7,13.1,23.9,Fog,Afternoon,Weekday,35.6
6.2,54.7,79.0,31.5,65.6,Clear,Evening,Weekday,49.4
60.3,23.9,40.7,76.0,19.8,Heavy Rain,Morning,Weekday,58.1
60.6,22.1,66.4,79.0,15.6,Rain,Afternoon,Weekend,54.6
22.2,69.9,13.5,20.3,51.3,Clear,Night,Weekend,40.0
87.9,85.5,45.9,62.4,78.3,Clear,Afternoon,Weekend,71.2
6.9,58.9,65.7,15.3,13.4,Rain,Evening,Weekday,42.7
38.8,66.6,79.6,82.7,22.4,Heavy Rain,Afternoon,Weekend,76.3
28.1,21.6,22.8,22.4,62.3,Heavy Rain,Evening,Weekday,44.5
49.6,32.3,27.6,61.7,51.4,Clear,Morning,Weekday,41.3
17.6,84.5,84.2,26.6,69.3,Rain,Morning,Weekend,58.6
5.1,36.3,58.4,34.5,16.2,Heavy Rain,Afternoon,Weekend,37.0
57.0,34.2,14.6,70.3,71.8,Clear,Night,Weekday,64.6
50.7,93.1,72.3,67.4,18.0,Heavy Rain,Afternoon,Weekday,78.4
58.9,54.6,75.3,22.7,30.2,Rain,Evening,Weekend,58.1
24.7,70.4,39.5,77.2,17.0,Clear,Morning,Weekend,40.4
46.7,70.7,61.8,6.7,22.2,Clear,Afternoon,Weekday,40.6
11.1,27.1,82.7,82.6,17.5,Rain,Evening,Weekend,46.9
37.1,6.9,76.1,66.1,58.3,Clear,Morning,Weekday,46.3
58.3,6.2,87.3,81.6,18.0,Heavy Rain,Afternoon,Weekday,51.1
45.8,55.7,45.5,18.1,34.9,Clear,Morning,Weekday,43.7
15.5,79.2,18.2,28.7,48.4,Heavy Rain,Morning,Weekend,54.3
41.3,18.3,62.4,23.1,75.9,Clear,Night,Weekend,43.0
19.4,14.9,18.1,81.5,36.8,Rain,Morning,Weekend,34.0
81.1,59.4,24.2,47.4,55.0,Rain,Morning,Weekday,64.3
74.5,36.4,18.3,78.3,59.6,Fog,Evening,Weekday,59.9
5.2,89.0,21.9,57.5,34.0,Clear,Evening,Weekend,42.9
10.7,57.0,86.8,27.3,16.8,Fog,Morning,Weekday,39.6
41.0,67.4,43.1,68.5,35.0,Heavy Rain,Evening,Weekday,79.6
47.3,53.0,52.6,70.7,38.8,Rain,Afternoon,Weekday,58.8
68.6,68.3,28.8,5.2,84.5,Clear,Afternoon,Weekend,55.1
10.1,36.4,77.9,74.3,71.4,Clear,Morning,Weekend,49.2
82.6,26.8,76.2,9.5,20.3,Fog,Evening,Weekday,51.8
87.0,38.5,66.1,58.0,15.5,Heavy Rain,Night,Weekday,81.4
11.7,11.9,55.5,70.1,21.2,Clear,Evening,Weekend,34.7
30.5,42.0,37.0,67.5,62.1,Clear,Morning,Weekend,41.2
68.8,50.3,10.9,71.6,61.0,Heavy Rain,Afternoon,Weekend,84.1
47.7,68.8,43.9,17.5,83.0,Rain,Night,Weekday,63.1
57.6,24.7,24.7,64.7,51.9,Heavy Rain,Evening,Weekday,61.2
59.6,79.5,23.2,69.3,58.5,Clear,Morning,Weekday,58.3
77.0,7.5,32.6,48.3,14.9,Rain,Evening,Weekday,48.1
59.3,7.9,31.5,83.1,52.4,Rain,Evening,Weekday,55.3
85.2,5.8,38.5,27.6,39.9,Clear,Evening,Weekend,44.6
64.7,13.8,42.6,64.3,17.6,Heavy Rain,Morning,Weekday,50.4
54.8,81.7,33.2,17.1,44.7,Fog,Morning,Weekday,54.5
73.6,63.9,71.5,17.9,82.3,Rain,Evening,Weekday,82.0
34.0,75.7,37.1,33.8,74.2,Clear,Night,Weekend,53.5
22.7,59.9,16.0,17.2,57.1,Rain,Evening,Weekday,45.6
51.5,92.2,72.5,12.0,17.1,Clear,Night,Weekday,50.8
35.9,13.0,24.3,66.8,29.3,Rain,Morning,Weekend,35.4
16.9,16.2,55.5,8.2,74.4,Clear,Night,Weekend,31.0
36.2,81.0,86.2,34.9,61.2,Rain,Morning,Weekend,65.6
57.8,62.9,69.3,24.6,71.6,Clear,Night,Weekday,58.0
38.9,11.6,41.1,42.0,17.0,Rain,Evening,Weekend,35.5
12.3,70.9,83.4,78.8,67.6,Clear,Afternoon,Weekday,58.3
46.3,68.2,48.1,27.3,12.9,Clear,Afternoon,Weekday,39.9
7.7,59.1,40.4,79.9,37.1,Clear,Afternoon,Weekday,41.2
86.0,66.5,31.6,55.9,16.3,Clear,Afternoon,Weekday,53.1
79.1,52.2,63.6,25.8,72.3,Clear,Night,Weekday,63.4
19.0,36.4,43.5,43.0,61.7,Clear,Evening,Weekday,44.1
38.1,5.9,72.6,52.8,15.8,Rain,Evening,Weekday,48.2
84.8,71.9,68.9,30.3,21.3,Rain,Morning,Weekend,64.8
87.4,41.6,51.7,5.3,43.8,Heavy Rain,Morning,Weekday,69.8
13.3,24.7,88.3,38.6,51.0,Clear,Afternoon,Weekday,40.5
87.6,56.9,11.1,70.1,11.2,Fog,Afternoon,Weekend,52.0
60.2,46.0,42.8,33.2,50.7,Rain,Evening,Weekday,59.1
41.4,20.9,57.6,48.4,38.6,Heavy Rain,Evening,Weekday,55.1
57.7,88.3,78.6,84.6,70.4,Clear,Evening,Weekday,81.1
47.2,72.7,84.2,13.0,43.3,Rain,Morning,Weekday,65.1
23.9,45.9,40.5,20.6,45.2,Clear,Night,Weekend,36.3
74.7,68.3,69.3,5.6,38.1,Clear,Morning,Weekend,52.0
76.3,76.6,43.2,24.3,77.5,Clear,Morning,Weekday,62.7
74.4,78.8,58.0,31.8,81.9,Fog,Morning,Weekend,67.1
59.8,79.6,74.1,51.2,19.7,Rain,Night,Weekday,82.3
49.0,44.4,18.0,69.1,47.8,Rain,Evening,Weekend,57.2
27.1,54.8,85.9,21.3,17.0,Clear,Evening,Weekday,42.1
65.1,87.9,16.3,35.6,65.7,Clear,Afternoon,Weekday,54.4
25.4,85.8,33.8,47.8,28.4,Heavy Rain,Evening,Weekend,65.4
28.4,89.1,60.2,56.1,53.5,Clear,Afternoon,Weekday,52.3
29.0,85.5,17.4,44.5,37.1,Heavy Rain,Afternoon,Weekday,58.4
11.3,91.3,16.1,60.0,38.1,Clear,Night,Weekend,55.2
5.9,21.1,55.4,53.5,12.4,Fog,Night,Weekday,41.2
51.5,19.3,69.3,79.1,24.5,Clear,Morning,Weekday,46.8
78.7,15.3,27.4,31.2,26.5,Heavy Rain,Night,Weekday,51.2
86.0,36.4,54.1,28.5,65.9,Rain,Afternoon,Weekday,59.7
19.7,66.8,81.0,27.5,39.5,Rain,Evening,Weekday,59.6
86.1,48.9,80.6,38.9,66.0,Heavy Rain,Evening,Weekday,87.2
53.2,38.7,60.6,10.1,22.5,Clear,Afternoon,Weekday,36.6
75.3,63.1,87.2,33.2,12.2,Clear,Afternoon,Weekend,53.6
11.2,64.1,39.8,67.4,19.2,Clear,Morning,Weekday,38.7
72.6,85.9,54.9,35.8,55.1,Rain,Morning,Weekday,74.7
80.1,82.4,16.0,76.4,41.6,Heavy Rain,Afternoon,Weekday,79.6
73.2,49.9,89.2,38.7,19.3,Clear,Afternoon,Weekday,53.7
29.2,62.9,78.5,84.0,78.4,Clear,Evening,Weekday,72.2
83.0,8.5,61.6,10.6,17.1,Heavy Rain,Evening,Weekday,50.7
39.0,55.1,35.1,54.0,39.5,Rain,Afternoon,Weekend,52.9
15.3,38.7,59.4,7.3,13.6,Clear,Morning,Weekday,30.6
42.0,20.3,25.3,77.2,37.7,Fog,Night,Weekend,55.0
27.1,75.6,18.9,80.8,15.6,Clear,Evening,Weekend,45.3
19.5,17.4,46.9,15.1,74.6,Heavy Rain,Night,Weekend,42.8
43.0,16.0,52.2,51.2,59.6,Fog,Afternoon,Weekend,41.7
27.4,31.7,16.6,49.7,75.5,Rain,Evening,Weekday,44.9
87.6,10.4,11.1,22.3,71.4,Clear,Morning,Weekday,43.1
49.8,82.3,70.8,29.9,44.1,Clear,Afternoon,Weekend,53.3
35.9,92.8,79.4,46.1,68.5,Clear,Morning,Weekday,65.0
78.9,63.4,21.8,75.1,65.9,Clear,Night,Weekday,71.9
61.3,45.7,31.2,79.2,16.3,Clear,Morning,Weekday,46.4
9.5,29.5,17.8,56.9,64.9,Clear,Morning,Weekday,32.9
50.0,49.4,44.7,59.5,58.5,Fog,Morning,Weekday,52.6
27.6,10.9,18.1,23.1,56.5,Heavy Rain,Afternoon,Weekday,34.2
79.8,29.1,26.5,67.9,36.1,Clear,Afternoon,Weekend,44.6
47.8,68.0,48.1,29.4,78.0,Clear,Afternoon,Weekday,51.6
81.5,17.8,11.0,43.0,35.1,Clear,Morning,Weekday,39.9
77.5,58.5,87.6,51.7,46.6,Clear,Morning,Weekend,63.0
89.2,80.2,52.0,18.4,21.0,Clear,Afternoon,Weekend,54.9
67.5,94.1,30.6,43.9,37.3,Clear,Afternoon,Weekday,57.5
70.8,82.1,82.2,52.7,18.5,Rain,Evening,Weekday,80.8
77.8,64.3,21.3,44.8,28.3,Heavy Rain,Night,Weekday,82.2
21.5,90.9,61.1,82.2,75.8,Rain,Night,Weekday,80.6
49.8,28.9,64.3,76.0,39.3,Clear,Night,Weekday,59.6
49.2,35.9,59.0,39.7,44.1,Fog,Evening,Weekday,55.2
47.4,66.7,47.3,17.0,82.5,Rain,Evening,Weekday,65.0
73.0,6.4,13.3,27.6,54.5,Clear,Afternoon,Weekday,36.3
5.1,27.6,38.0,27.7,74.4,Rain,Evening,Weekday,36.3
28.0,94.6,25.7,51.8,16.1,Clear,Afternoon,Weekday,43.7
59.1,43.0,87.4,12.9,29.6,Clear,Afternoon,Weekday,47.2
32.4,57.0,64.7,21.0,20.2,Rain,Afternoon,Weekday,46.4
58.4,54.1,40.1,75.1,42.8,Clear,Afternoon,Weekday,53.5
65.6,47.2,44.2,38.6,40.8,Clear,Afternoon,Weekend,46.5
69.2,60.4,34.2,24.4,48.4,Clear,Afternoon,Weekday,47.4
69.2,40.3,42.2,5.5,70.6,Heavy Rain,Afternoon,Weekday,63.8
75.5,63.5,36.7,12.8,31.8,Rain,Afternoon,Weekday,59.5
62.3,71.5,14.2,21.4,20.8,Heavy Rain,Afternoon,Weekday,65.7
77.4,32.1,34.9,84.1,10.5,Rain,Evening,Weekday,59.4
56.3,15.9,17.7,21.3,45.5,Heavy Rain,Afternoon,Weekday,40.6
39.4,93.4,75.6,72.3,51.0,Heavy Rain,Evening,Weekend,87.2
41.8,62.3,24.8,70.5,59.3,Clear,Evening,Weekday,55.5
29.7,65.1,86.7,44.4,60.1,Clear,Evening,Weekday,59.6
41.1,7.5,46.6,50.1,10.8,Clear,Evening,Weekend,33.1
8.6,86.6,87.0,42.4,64.2,Clear,Night,Weekday,60.9
47.8,36.4,66.5,36.2,14.7,Rain,Afternoon,Weekday,45.5
65.8,75.8,32.3,66.0,32.7,Clear,Night,Weekday,68.9
45.1,64.3,56.1,79.2,68.2,Rain,Morning,Weekday,73.5
34.6,60.6,42.3,8.6,73.9,Clear,Morning,Weekday,48.5
45.5,73.4,88.5,69.7,64.9,Clear,Night,Weekday,81.3
69.2,42.8,15.1,54.0,18.6,Heavy Rain,Morning,Weekend,58.5
76.5,88.1,35.7,60.9,38.3,Fog,Afternoon,Weekday,62.4
42.2,30.7,26.1,18.0,71.0,Heavy Rain,Morning,Weekday,53.6
61.8,23.3,74.8,76.5,37.0,Clear,Afternoon,Weekday,48.9
67.0,87.0,61.4,44.7,72.4,Rain,Afternoon,Weekday,74.8
52.5,17.4,15.4,39.2,38.2,Clear,Morning,Weekend,30.8
15.0,25.8,58.1,31.5,26.8,Fog,Night,Weekday,34.5
10.8,83.4,87.4,11.0,53.2,Heavy Rain,Night,Weekday,66.6
9.8,67.8,18.9,42.7,78.8,Clear,Morning,Weekday,40.6
33.4,73.8,21.1,48.8,65.0,Fog,Evening,Weekend,50.6
11.2,90.3,82.3,61.2,67.4,Clear,Night,Weekend,74.0
57.1,12.3,54.1,80.7,30.3,Clear,Morning,Weekday,46.8
41.7,32.3,78.0,82.7,11.6,Clear,Evening,Weekend,50.1
78.1,66.4,69.0,49.2,13.9,Heavy Rain,Evening,Weekday,88.2
16.7,44.4,81.8,83.6,37.6,Clear,Afternoon,Weekday,44.7
55.0,25.4,69.8,76.1,69.5,Rain,Night,Weekday,76.9
74.1,11.9,20.1,19.4,13.3,Clear,Evening,Weekday,31.3
56.5,48.1,19.8,11.1,28.8,Rain,Afternoon,Weekend,43.2
82.8,24.8,67.1,80.3,68.5,Clear,Evening,Weekday,70.0
64.3,50.3,14.3,77.0,62.9,Rain,Morning,Weekday,60.5
88.0,25.7,69.4,21.9,37.9,Heavy Rain,Morning,Weekend,61.5
60.2,45.8,19.1,44.9,12.5,Clear,Afternoon,Weekend,34.7
28.7,59.9,49.6,74.0,38.8,Clear,Morning,Weekday,48.7
9.4,32.5,53.3,32.8,11.9,Rain,Night,Weekend,35.4
73.9,58.2,70.6,32.3,72.2,Clear,Afternoon,Weekend,61.9
9.9,14.8,41.0,62.7,60.8,Heavy Rain,Night,Weekday,56.0
53.3,51.7,23.0,35.5,65.9,Fog,Morning,Weekday,50.9
85.8,12.7,30.0,48.4,35.3,Clear,Evening,Weekday,48.7
71.5,77.9,58.6,14.9,52.6,Clear,Morning,Weekday,60.0
42.4,47.0,87.3,43.4,73.3,Clear,Morning,Weekend,53.8
56.9,33.3,15.1,19.4,67.4,Clear,Night,Weekday,42.2
17.5,60.6,14.0,14.2,12.9,Rain,Night,Weekday,30.9
66.0,10.5,67.2,25.7,29.3,Rain,Night,Weekday,50.4
56.0,36.5,16.2,40.5,48.3,Clear,Afternoon,Weekday,40.6
40.4,62.8,80.1,16.4,34.5,Heavy Rain,Afternoon,Weekday,71.8
45.0,92.6,59.8,17.8,13.3,Fog,Night,Weekday,51.9
73.7,51.0,72.5,45.7,53.6,Clear,Morning,Weekend,55.6
66.7,39.3,89.8,11.3,15.8,Fog,Morning,Weekday,51.4
51.6,42.6,68.6,72.8,49.6,Clear,Afternoon,Weekday,52.5
27.9,80.2,33.4,24.5,28.2,Heavy Rain,Afternoon,Weekday,59.8
14.8,26.7,68.6,75.4,37.1,Clear,Afternoon,Weekend,39.0
56.4,45.4,43.5,50.5,72.0,Clear,Afternoon,Weekend,50.9
54.7,17.4,30.8,28.0,33.5,Clear,Afternoon,Weekend,33.0
58.8,74.5,82.0,75.1,11.2,Clear,Morning,Weekday,63.5
68.1,16.4,12.7,39.5,61.8,Fog,Morning,Weekend,44.8
81.9,36.9,42.2,49.6,63.4,Clear,Night,Weekend,61.2
57.4,94.5,13.6,64.1,36.6,Clear,Afternoon,Weekday,54.4
29.6,47.9,20.8,19.7,67.4,Fog,Night,Weekday,42.4
55.5,38.3,62.0,35.3,42.9,Rain,Afternoon,Weekend,51.6
30.3,35.7,55.1,76.8,53.5,Heavy Rain,Afternoon,Weekday,58.0
20.2,17.9,75.1,63.8,84.2,Clear,Afternoon,Weekday,46.2
13.5,30.6,19.5,26.9,42.9,Fog,Morning,Weekend,27.9
69.0,88.2,63.3,16.3,25.5,Heavy Rain,Evening,Weekday,83.1
86.6,53.6,73.9,5.5,72.4,Clear,Morning,Weekend,60.2
67.2,51.9,76.5,28.6,18.2,Heavy Rain,Evening,Weekday,84.3
27.4,82.8,89.4,63.5,18.7,Clear,Morning,Weekend,53.5
32.8,50.6,32.1,55.4,48.5,Heavy Rain,Evening,Weekday,77.0
41.8,88.9,73.5,30.4,73.1,Rain,Night,Weekday,70.8
5.7,17.3,40.1,80.5,60.5,Clear,Morning,Weekend,35.1
29.0,22.9,80.1,81.1,74.3,Heavy Rain,Morning,Weekday,66.2
22.7,21.0,43.5,26.0,38.5,Rain,Evening,Weekday,37.5
20.3,32.0,28.6,28.4,46.4,Heavy Rain,Afternoon,Weekday,41.0
13.2,15.1,80.5,65.4,31.5,Fog,Afternoon,Weekday,33.7
44.5,33.7,19.1,60.8,62.9,Heavy Rain,Afternoon,Weekend,56.4
40.0,26.1,33.3,45.6,76.7,Heavy Rain,Morning,Weekend,53.4
32.0,40.2,45.4,36.9,78.4,Clear,Evening,Weekday,51.0
31.2,41.9,55.8,18.3,25.5,Rain,Night,Weekday,41.7
56.4,6.8,67.8,69.2,16.8,Heavy Rain,Night,Weekend,62.8
60.7,51.7,39.0,20.9,21.8,Rain,Night,Weekday,54.2
82.4,34.8,27.2,63.7,80.5,Clear,Morning,Weekend,54.1
38.8,48.6,22.6,29.1,27.3,Heavy Rain,Morning,Weekday,48.4
71.6,64.0,20.5,64.2,30.2,Clear,Morning,Weekend,51.0
40.3,6.3,76.4,53.4,21.4,Heavy Rain,Evening,Weekday,51.0
31.5,34.1,51.0,6.9,30.6,Clear,Morning,Weekday,33.6
29.8,13.4,87.4,49.9,46.3,Fog,Afternoon,Weekday,39.5
47.2,40.4,39.8,48.7,18.1,Clear,Night,Weekday,42.7
36.4,55.7,61.4,31.6,70.7,Fog,Morning,Weekday,56.4
46.6,27.5,21.3,54.3,45.5,Heavy Rain,Afternoon,Weekday,51.2
26.4,33.0,37.0,17.0,34.1,Rain,Afternoon,Weekday,34.8
69.2,76.5,53.6,30.0,58.9,Clear,Evening,Weekday,65.4
89.4,12.3,18.4,60.9,38.2,Heavy Rain,Morning,Weekend,49.0
42.2,92.5,13.1,38.9,22.8,Heavy Rain,Afternoon,Weekend,60.9
38.9,31.7,44.8,28.5,79.1,Rain,Afternoon,Weekday,48.0
60.3,17.7,51.9,21.4,56.0,Heavy Rain,Afternoon,Weekday,52.6
84.6,88.4,67.6,73.2,20.2,Rain,Evening,Weekday,81.6
17.8,11.0,88.2,29.9,24.1,Rain,Afternoon,Weekday,30.7
44.8,19.1,38.0,49.7,27.0,Rain,Night,Weekday,47.5
78.8,57.6,34.5,55.0,40.2,Clear,Afternoon,Weekday,50.9
18.0,70.8,32.4,26.0,17.7,Heavy Rain,Afternoon,Weekend,52.1
70.6,58.3,32.2,69.6,75.4,Rain,Afternoon,Weekday,71.7
89.1,13.2,74.3,16.7,22.4,Heavy Rain,Afternoon,Weekend,49.0
48.5,44.6,63.2,31.2,47.5,Clear,Afternoon,Weekday,45.0
45.3,33.1,51.8,47.5,76.2,Heavy Rain,Night,Weekend,71.2
65.5,80.6,54.8,44.2,69.2,Rain,Afternoon,Weekday,71.2
7.2,37.9,47.3,58.6,64.6,Clear,Afternoon,Weekend,40.0
37.5,21.1,69.8,5.9,43.2,Rain,Morning,Weekday,42.0
36.4,27.8,83.7,53.5,12.5,Clear,Afternoon,Weekday,40.0
26.5,61.3,87.7,70.9,74.7,Fog,Night,Weekday,74.8
45.2,83.7,70.0,69.6,12.9,Clear,Night,Weekday,70.2
79.0,16.8,43.6,72.7,14.2,Rain,Morning,Weekday,53.0
88.6,22.5,59.1,6.3,72.8,Heavy Rain,Afternoon,Weekday,64.6
54.9,90.0,51.3,80.2,40.2,Heavy Rain,Evening,Weekday,91.8
47.6,70.6,16.7,40.5,30.7,Clear,Afternoon,Weekday,42.6
76.2,5.3,31.9,33.1,35.6,Rain,Evening,Weekday,47.4
14.9,13.2,68.4,19.9,54.3,Fog,Evening,Weekend,31.7
36.8,12.3,67.9,24.7,72.8,Rain,Night,Weekday,48.9
16.3,9.8,66.5,19.2,20.5,Clear,Morning,Weekday,30.0
20.1,31.5,65.8,26.2,46.7,Rain,Afternoon,Weekday,39.5
58.6,79.9,12.9,71.8,38.9,Rain,Morning,Weekday,60.8
73.9,76.7,26.6,61.0,47.8,Heavy Rain,Evening,Weekday,89.8
26.9,47.1,12.5,14.2,59.4,Clear,Morning,Weekday,32.0
37.1,58.0,12.7,61.1,57.2,Heavy Rain,Morning,Weekday,69.3
60.1,14.0,83.1,29.5,45.0,Clear,Morning,Weekend,44.2
54.0,44.1,41.9,71.7,28.9,Clear,Afternoon,Weekday,44.3
87.5,84.0,71.1,77.1,48.0,Clear,Evening,Weekend,77.0
7.4,51.1,83.8,75.9,82.4,Fog,Morning,Weekend,54.2
16.0,35.0,86.8,82.6,33.2,Heavy Rain,Evening,Weekday,62.8
5.1,18.3,80.6,29.1,16.0,Clear,Morning,Weekday,28.9
63.2,81.1,39.9,43.2,35.9,Rain,Evening,Weekday,70.4
61.8,79.8,66.5,66.0,17.2,Clear,Evening,Weekday,67.1
81.3,78.8,68.4,39.0,39.5,Clear,Afternoon,Weekend,62.2
23.8,59.8,71.4,34.5,35.5,Heavy Rain,Evening,Weekend,71.3
59.9,17.4,25.0,21.9,42.7,Clear,Evening,Weekday,35.9
37.9,78.9,12.8,81.7,41.6,Clear,Evening,Weekend,53.3
12.0,66.7,18.1,74.0,70.3,Clear,Afternoon,Weekday,42.9
43.6,48.8,86.8,37.1,67.9,Clear,Morning,Weekday,57.4
73.2,45.5,39.8,42.9,35.1,Rain,Afternoon,Weekend,60.1
50.2,39.5,64.0,17.0,35.3,Fog,Afternoon,Weekday,44.9
66.8,45.9,13.9,27.5,19.1,Rain,Afternoon,Weekend,47.2
26.4,35.4,33.7,70.5,50.7,Clear,Afternoon,Weekday,38.0
59.1,58.6,38.6,7.9,65.4,Clear,Morning,Weekday,50.7
58.8,43.8,32.0,82.7,61.7,Clear,Evening,Weekend,59.1
49.5,46.3,16.1,34.8,21.0,Fog,Evening,Weekend,38.4
88.3,12.1,84.2,64.9,41.7,Clear,Night,Weekday,72.4
80.0,80.3,44.7,14.3,24.4,Clear,Afternoon,Weekday,53.4
25.7,76.9,39.9,42.8,67.1,Clear,Evening,Weekend,50.2
62.1,59.4,82.8,59.3,30.5,Clear,Morning,Weekday,58.3
27.7,58.9,88.1,30.5,26.6,Clear,Afternoon,Weekday,42.8
65.5,79.4,57.0,55.8,34.7,Clear,Night,Weekday,72.2
34.4,45.0,47.0,64.4,25.8,Rain,Evening,Weekday,52.5
77.4,92.1,60.5,49.9,35.9,Clear,Night,Weekday,69.0
31.8,65.7,12.4,55.0,22.5,Clear,Afternoon,Weekend,33.7
87.7,55.1,49.3,23.8,79.1,Clear,Evening,Weekend,59.8
23.6,94.3,55.7,19.3,21.9,Heavy Rain,Evening,Weekday,63.4
68.9,42.6,57.9,30.6,37.2,Clear,Night,Weekend,52.8
32.0,53.2,41.4,73.7,47.1,Rain,Evening,Weekday,63.1
20.1,31.0,52.6,31.7,44.8,Clear,Night,Weekday,38.3
87.8,41.9,60.9,54.5,20.4,Rain,Night,Weekday,76.0
85.4,34.3,30.0,50.5,45.4,Clear,Afternoon,Weekend,51.0
60.6,54.7,79.1,73.0,22.1,Clear,Night,Weekday,71.9
83.3,34.0,33.4,76.6,25.5,Rain,Morning,Weekday,60.7
72.7,92.6,50.0,13.9,55.3,Clear,Night,Weekday,60.6
86.8,5.6,12.6,59.1,75.0,Fog,Night,Weekday,65.5
27.1,69.4,19.7,67.1,58.5,Rain,Morning,Weekday,55.9
29.9,40.9,75.8,66.5,37.3,Heavy Rain,Afternoon,Weekday,59.6
15.5,18.1,31.0,71.0,66.5,Clear,Morning,Weekday,35.9
82.6,76.6,26.8,12.8,58.2,Clear,Night,Weekday,54.8
27.1,31.6,45.6,68.0,62.5,Rain,Afternoon,Weekend,45.4
29.5,24.9,39.7,34.0,31.8,Fog,Morning,Weekday,33.8
42.4,31.5,69.5,60.6,21.0,Clear,Afternoon,Weekday,39.1
23.0,32.3,56.7,25.8,64.1,Heavy Rain,Night,Weekday,54.5
19.5,36.0,22.5,73.2,33.6,Clear,Night,Weekday,46.0
49.6,20.8,81.8,6.1,81.0,Clear,Afternoon,Weekday,45.3
71.1,76.0,62.0,33.5,44.4,Fog,Night,Weekend,67.5
71.6,52.2,28.3,21.2,59.8,Clear,Morning,Weekday,47.5
52.0,53.1,69.3,74.8,82.8,Clear,Afternoon,Weekday,60.4
67.9,67.1,62.1,24.6,61.7,Rain,Morning,Weekday,72.8
12.8,22.1,76.5,10.1,77.7,Rain,Morning,Weekday,44.8
54.4,46.8,53.0,67.5,33.9,Rain,Morning,Weekday,58.4
21.8,53.8,27.2,44.0,52.7,Rain,Night,Weekday,52.0
71.1,22.5,74.5,54.2,44.2,Clear,Evening,Weekday,59.6
20.0,50.7,51.1,81.1,32.5,Heavy Rain,Morning,Weekday,71.1
31.2,44.6,88.2,80.7,46.6,Clear,Night,Weekday,64.4
10.6,43.9,34.4,79.0,43.2,Rain,Afternoon,Weekday,42.9
69.8,24.2,50.1,30.6,49.8,Clear,Afternoon,Weekday,44.8
18.1,19.1,71.3,67.9,73.9,Rain,Morning,Weekend,49.1
60.5,76.0,72.4,26.6,80.0,Rain,Night,Weekday,74.7
33.4,36.9,69.6,41.0,41.9,Clear,Afternoon,Weekend,41.0
87.3,36.8,74.4,83.0,67.5,Clear,Evening,Weekday,77.6
30.1,38.6,35.7,68.3,34.4,Rain,Morning,Weekday,45.9
77.8,14.6,29.5,31.0,46.0,Heavy Rain,Afternoon,Weekend,49.0
61.1,66.9,82.7,44.0,31.0,Rain,Afternoon,Weekday,67.6
28.5,38.3,83.9,13.9,20.1,Heavy Rain,Afternoon,Weekend,48.3
17.9,18.5,33.9,21.0,16.6,Clear,Afternoon,Weekend,19.0
50.1,31.2,11.7,66.8,15.1,Heavy Rain,Evening,Weekday,54.0
81.9,45.1,80.8,19.7,45.1,Rain,Afternoon,Weekday,64.5
26.7,72.3,11.9,14.5,40.8,Clear,Afternoon,Weekday,34.1
82.6,51.1,11.3,40.0,12.4,Rain,Evening,Weekend,53.4
53.9,62.1,68.8,50.2,83.1,Heavy Rain,Afternoon,Weekend,90.5
12.5,88.0,58.8,84.4,66.4,Heavy Rain,Afternoon,Weekday,73.9
79.8,71.5,62.0,10.8,58.6,Clear,Afternoon,Weekday,59.9
41.8,6.9,56.0,5.5,72.1,Clear,Morning,Weekday,37.6
23.9,65.7,36.1,41.6,59.9,Heavy Rain,Afternoon,Weekday,68.7
78.7,18.7,71.8,21.5,23.6,Clear,Evening,Weekend,46.3
50.9,90.9,36.2,30.2,27.3,Clear,Afternoon,Weekday,46.8
84.6,24.6,38.4,16.0,77.4,Clear,Evening,Weekday,52.6
68.2,71.6,40.4,40.7,39.9,Clear,Afternoon,Weekend,50.4
19.9,87.2,68.0,14.7,66.7,Clear,Afternoon,Weekday,51.0
31.9,22.2,88.8,69.0,37.0,Clear,Morning,Weekday,44.4
73.3,41.0,78.6,33.4,80.9,Heavy Rain,Afternoon,Weekend,79.0
90.0,12.6,61.5,36.2,45.4,Fog,Morning,Weekday,54.4
17.0,27.4,55.2,15.2,21.7,Rain,Evening,Weekday,35.7
78.6,64.5,39.7,38.2,21.8,Clear,Night,Weekend,56.2
73.9,21.3,80.3,13.8,22.2,Rain,Afternoon,Weekday,53.2
27.5,33.9,72.7,31.5,76.7,Clear,Night,Weekend,46.9
37.0,58.9,52.0,17.7,11.1,Fog,Morning,Weekend,35.4
45.4,93.5,78.5,47.9,20.1,Rain,Evening,Weekday,69.0
81.7,16.5,62.5,34.2,56.0,Heavy Rain,Afternoon,Weekend,62.2
21.7,24.7,20.4,80.4,26.9,Clear,Morning,Weekday,33.3
13.9,25.4,24.8,57.7,34.6,Fog,Evening,Weekday,34.4
80.1,73.4,20.5,38.8,59.6,Rain,Night,Weekday,73.8
37.7,9.3,25.8,19.6,20.7,Clear,Evening,Weekday,24.5
53.6,48.5,37.5,55.3,71.3,Rain,Afternoon,Weekday,60.4
51.4,15.6,32.3,66.5,79.3,Clear,Night,Weekday,62.6
46.4,54.4,63.1,58.4,35.7,Rain,Morning,Weekday,62.3
87.0,16.4,28.2,41.6,18.3,Rain,Morning,Weekend,42.9
42.1,93.6,16.6,74.4,47.9,Clear,Night,Weekend,66.1
76.4,25.0,11.3,63.7,36.5,Rain,Morning,Weekend,50.0
73.0,37.6,28.4,80.8,49.8,Clear,Morning,Weekday,53.8
57.5,80.9,70.1,17.2,80.7,Rain,Night,Weekday,74.9
85.7,31.7,82.1,82.8,77.0,Rain,Morning,Weekend,71.4
26.4,55.0,34.9,78.8,56.0,Fog,Morning,Weekday,47.2
74.9,73.8,74.6,81.1,28.2,Heavy Rain,Evening,Weekday,98.0
75.9,11.3,87.1,27.1,76.9,Clear,Evening,Weekend,54.2
42.7,65.5,70.8,5.9,18.8,Clear,Morning,Weekday,45.7
61.1,31.9,20.0,64.4,44.1,Clear,Night,Weekend,57.9
28.1,93.9,40.5,76.3,18.5,Rain,Afternoon,Weekend,53.1
72.5,73.3,28.0,13.2,84.8,Rain,Afternoon,Weekday,70.2
61.5,80.3,87.1,38.7,57.9,Heavy Rain,Morning,Weekend,86.3
26.4,50.7,43.6,71.9,83.7,Clear,Morning,Weekend,48.8
47.1,58.2,63.3,13.3,68.6,Heavy Rain,Afternoon,Weekend,76.7
49.1,88.3,40.6,53.1,54.3,Heavy Rain,Night,Weekday,89.8
69.9,37.5,63.8,77.3,41.6,Clear,Evening,Weekday,66.0
77.4,56.6,51.8,80.2,71.0,Rain,Evening,Weekday,82.0
53.2,7.2,85.7,12.9,79.1,Heavy Rain,Evening,Weekend,54.7
74.6,36.0,87.9,24.9,43.5,Clear,Afternoon,Weekend,51.6
72.5,23.8,71.7,48.8,34.1,Clear,Afternoon,Weekend,50.1
77.8,35.0,59.3,64.2,72.7,Clear,Evening,Weekday,68.9
59.4,33.2,49.8,19.9,38.7,Clear,Evening,Weekday,46.5
81.1,72.9,86.7,30.8,18.4,Rain,Night,Weekday,73.8
69.3,53.4,41.8,60.7,24.9,Clear,Afternoon,Weekend,48.5
27.4,69.4,52.6,36.7,79.1,Clear,Night,Weekend,57.3
30.0,56.3,16.6,85.0,43.2,Clear,Afternoon,Weekday,40.9
47.0,80.0,88.7,24.6,26.9,Rain,Morning,Weekday,62.8
6.8,60.1,77.0,38.2,51.3,Rain,Afternoon,Weekend,48.8
58.3,85.0,88.3,64.7,63.0,Fog,Evening,Weekday,78.6
81.5,89.3,35.6,33.6,81.9,Clear,Night,Weekend,68.7
50.8,16.6,88.5,67.7,48.1,Rain,Afternoon,Weekend,55.8
66.2,69.6,61.6,49.3,83.9,Rain,Afternoon,Weekday,76.7
47.3,44.3,86.3,18.7,52.0,Rain,Morning,Weekday,61.3
17.6,66.4,15.2,62.5,52.7,Fog,Evening,Weekday,46.2
64.9,89.8,88.9,22.2,43.9,Rain,Evening,Weekday,74.9
79.5,90.2,21.5,48.2,61.1,Clear,Morning,Weekday,63.4
35.5,15.8,88.2,54.1,49.7,Heavy Rain,Evening,Weekday,60.4
69.5,21.1,24.5,57.0,47.1,Clear,Morning,Weekend,42.8
85.7,39.9,42.6,60.7,20.4,Clear,Morning,Weekday,53.1
79.7,50.0,24.8,37.1,27.0,Fog,Evening,Weekday,54.7
49.5,6.8,58.5,83.6,14.4,Clear,Morning,Weekend,38.0
5.4,39.6,12.2,77.4,52.3,Heavy Rain,Night,Weekday,60.0
20.5,24.7,37.6,74.8,78.4,Rain,Afternoon,Weekend,46.3
79.8,21.0,21.9,70.5,12.3,Clear,Afternoon,Weekend,42.3
73.6,33.0,33.3,32.9,23.5,Rain,Night,Weekday,54.4
89.8,87.8,85.0,79.3,51.1,Clear,Afternoon,Weekday,76.6
33.8,37.9,29.2,70.4,24.1,Clear,Afternoon,Weekend,37.8
73.9,86.9,66.6,72.1,17.4,Rain,Evening,Weekday,81.1
53.9,52.9,41.5,48.7,25.1,Clear,Afternoon,Weekday,45.6
41.2,44.2,16.6,6.9,17.8,Rain,Evening,Weekday,38.5
70.5,74.4,65.9,47.2,13.1,Fog,Afternoon,Weekday,59.6
51.1,62.7,69.1,47.7,13.5,Clear,Morning,Weekend,45.1
75.2,83.6,69.1,46.9,23.4,Clear,Evening,Weekend,61.2
85.7,85.3,67.0,10.8,25.3,Clear,Evening,Weekday,64.8
22.5,67.0,83.9,5.4,28.0,Heavy Rain,Evening,Weekend,65.6
75.3,38.5,77.0,8.6,20.6,Clear,Evening,Weekend,45.6
53.5,82.7,60.1,21.4,75.9,Heavy Rain,Morning,Weekday,85.0
40.2,30.0,82.1,70.3,46.6,Rain,Evening,Weekday,65.1
43.2,64.7,27.8,56.0,18.6,Fog,Afternoon,Weekday,42.0
85.2,28.1,64.5,79.4,39.9,Rain,Morning,Weekday,64.8
15.1,79.1,80.7,81.0,51.6,Rain,Morning,Weekend,61.0
14.3,25.6,76.6,19.8,67.2,Heavy Rain,Morning,Weekday,52.0
17.1,58.7,13.3,79.7,67.5,Clear,Morning,Weekday,43.6
85.6,35.7,86.0,78.7,36.3,Clear,Evening,Weekday,68.8
29.8,10.7,24.7,20.5,59.4,Clear,Night,Weekday,29.0
49.9,55.1,21.5,82.1,14.3,Rain,Afternoon,Weekday,51.8
19.4,89.0,39.6,16.5,17.8,Clear,Afternoon,Weekday,38.2
70.3,15.8,28.0,55.3,52.3,Clear,Evening,Weekend,49.2
59.8,30.4,59.3,41.0,66.1,Rain,Evening,Weekday,66.5
43.7,87.7,22.3,47.9,37.0,Clear,Evening,Weekday,54.6
89.9,84.4,39.4,6.7,70.4,Clear,Afternoon,Weekday,61.6
24.3,41.2,77.2,33.2,80.6,Clear,Afternoon,Weekend,47.1
38.0,37.7,36.1,36.9,64.2,Clear,Morning,Weekday,41.3
79.3,64.3,59.5,77.0,51.1,Heavy Rain,Afternoon,Weekday,89.3
17.0,14.8,62.2,29.0,72.5,Heavy Rain,Evening,Weekday,47.9
51.9,19.1,40.7,46.4,23.5,Clear,Evening,Weekday,41.6
28.2,72.1,55.1,17.5,40.1,Heavy Rain,Morning,Weekday,67.3
78.8,16.7,84.5,30.3,80.0,Rain,Evening,Weekend,66.3
71.9,12.7,10.7,74.0,14.0,Heavy Rain,Afternoon,Weekend,43.8
17.8,24.2,77.3,34.0,78.2,Rain,Evening,Weekday,53.8
29.6,14.1,55.0,77.1,21.4,Clear,Afternoon,Weekday,32.5
51.9,47.3,88.7,60.2,77.8,Fog,Evening,Weekday,70.5
69.2,17.2,40.5,35.3,22.8,Clear,Evening,Weekend,41.8
54.7,21.4,81.5,82.6,81.0,Rain,Night,Weekend,80.5
10.9,17.1,34.0,36.5,21.2,Fog,Evening,Weekday,28.9
32.3,69.0,85.9,11.6,55.2,Heavy Rain,Morning,Weekend,72.7
19.4,81.6,25.4,27.4,49.0,Fog,Afternoon,Weekend,38.4
25.3,32.6,45.9,39.6,13.0,Heavy Rain,Evening,Weekday,44.2
51.9,16.8,88.3,54.9,65.1,Clear,Afternoon,Weekend,50.4
8.1,65.5,65.7,31.9,70.2,Heavy Rain,Evening,Weekday,73.3
85.1,69.7,54.2,44.1,30.0,Fog,Night,Weekday,67.8
32.1,50.8,19.1,69.9,70.5,Clear,Morning,Weekday,44.1
73.1,75.1,79.1,5.8,11.0,Heavy Rain,Night,Weekday,74.4
58.2,83.4,46.9,74.9,69.0,Clear,Morning,Weekday,65.0
68.4,12.3,17.3,81.1,10.3,Heavy Rain,Morning,Weekday,44.2
32.2,52.6,48.1,20.8,84.1,Rain,Morning,Weekday,57.2
78.5,10.5,24.8,5.5,23.2,Clear,Morning,Weekday,35.0
64.5,68.3,16.1,20.0,34.1,Fog,Morning,Weekday,47.5
56.1,50.6,32.8,39.1,71.8,Heavy Rain,Afternoon,Weekday,81.7
26.4,72.9,15.2,10.0,35.8,Heavy Rain,Evening,Weekend,53.3
70.0,69.4,11.0,64.5,16.6,Rain,Night,Weekday,75.8
62.6,10.9,31.0,72.2,43.8,Heavy Rain,Afternoon,Weekday,52.3
31.6,94.9,25.2,52.0,13.2,Clear,Afternoon,Weekday,44.7
77.0,92.5,47.1,76.9,43.9,Clear,Evening,Weekday,72.5
16.9,33.5,89.2,55.6,40.0,Clear,Evening,Weekday,47.0
55.4,21.6,17.6,36.3,21.2,Clear,Morning,Weekday,30.5
86.2,54.4,28.2,43.9,64.3,Clear,Night,Weekday,64.2
10.1,91.5,15.4,30.9,45.8,Clear,Morning,Weekend,39.3
40.4,6.2,34.6,17.7,57.3,Rain,Afternoon,Weekday,32.3
29.0,70.2,74.6,74.1,37.7,Fog,Morning,Weekday,58.0
22.8,34.4,28.7,74.7,33.4,Fog,Night,Weekend,50.6
54.1,34.8,25.6,15.2,34.1,Rain,Night,Weekday,44.1
25.1,78.8,49.1,42.6,11.5,Rain,Morning,Weekend,47.3
11.9,49.2,58.2,76.3,81.9,Clear,Afternoon,Weekend,50.3
28.5,17.9,77.8,9.7,28.5,Rain,Afternoon,Weekend,34.8
17.4,29.5,35.6,83.8,55.4,Rain,Evening,Weekday,52.5
55.8,15.8,68.7,63.8,24.6,Heavy Rain,Morning,Weekend,51.8
74.6,6.0,30.9,16.5,11.9,Rain,Evening,Weekday,39.6
82.3,18.3,60.1,49.4,54.5,Heavy Rain,Morning,Weekday,65.3
65.0,45.8,23.0,15.3,81.7,Clear,Night,Weekday,48.5
31.8,69.8,54.0,55.3,58.5,Clear,Afternoon,Weekend,48.3
29.0,55.9,55.5,75.7,14.2,Heavy Rain,Morning,Weekday,68.0
17.9,52.1,85.2,23.8,66.6,Fog,Afternoon,Weekday,47.9
46.9,54.1,52.0,56.3,39.7,Clear,Evening,Weekend,51.4
14.8,87.0,30.9,24.1,58.4,Rain,Morning,Weekend,44.7
8.6,24.7,28.6,17.2,75.3,Rain,Afternoon,Weekend,32.1
6.6,73.9,49.4,58.6,62.3,Rain,Morning,Weekday,53.5
54.5,5.6,66.1,51.5,37.6,Fog,Morning,Weekday,47.0
82.8,72.0,32.5,49.5,48.3,Clear,Morning,Weekday,58.7
32.8,28.4,19.5,27.8,12.2,Rain,Evening,Weekday,32.0
20.7,8.7,74.4,64.4,75.6,Clear,Afternoon,Weekend,43.8
62.3,84.8,75.4,33.9,14.1,Rain,Afternoon,Weekend,61.8
48.4,32.9,27.3,19.5,35.0,Rain,Evening,Weekday,43.1
38.2,72.8,83.7,43.4,54.8,Heavy Rain,Evening,Weekend,80.2
14.1,5.0,12.5,9.0,10.8,Clear,Morning,Weekday,11.9
86.7,13.8,39.4,56.7,82.8,Heavy Rain,Afternoon,Weekday,64.8
30.3,8.1,19.6,16.3,44.3,Fog,Night,Weekend,24.7
59.1,90.7,73.4,75.4,79.9,Clear,Morning,Weekend,71.7
80.3,67.5,31.9,6.8,52.2,Clear,Evening,Weekday,52.7
37.1,8.3,44.6,42.3,23.1,Clear,Night,Weekday,36.7
79.5,68.9,67.5,21.2,30.0,Rain,Night,Weekday,69.9
73.9,94.6,13.5,50.1,74.3,Rain,Evening,Weekend,74.3
68.1,30.8,17.1,34.4,71.6,Rain,Afternoon,Weekend,54.1
51.0,33.9,61.1,37.6,53.5,Clear,Night,Weekend,48.8
62.2,85.0,64.1,37.6,82.1,Clear,Morning,Weekday,71.3
59.9,45.6,53.1,59.4,76.7,Clear,Night,Weekend,70.3
34.0,61.9,69.6,73.1,53.0,Fog,Evening,Weekend,60.3
75.0,84.3,89.2,48.5,49.0,Rain,Morning,Weekday,82.6
67.9,66.6,73.0,44.1,34.4,Heavy Rain,Afternoon,Weekend,82.9
74.6,24.7,38.1,37.6,66.4,Clear,Evening,Weekday,54.6
81.1,21.9,10.0,68.5,47.8,Clear,Morning,Weekday,47.6
25.6,41.6,76.0,48.4,17.2,Heavy Rain,Morning,Weekday,55.0
20.8,74.8,15.7,25.3,81.3,Clear,Afternoon,Weekday,43.4
30.5,39.9,26.7,39.3,54.2,Rain,Evening,Weekday,46.9
7.7,33.8,12.5,61.1,74.6,Clear,Afternoon,Weekday,34.2
57.7,36.6,87.7,44.2,12.0,Clear,Afternoon,Weekend,45.5
51.2,12.5,67.9,62.2,79.2,Rain,Evening,Weekday,66.9
7.9,32.9,72.2,73.4,26.2,Clear,Morning,Weekday,42.6
71.4,89.2,45.6,45.2,44.7,Rain,Afternoon,Weekend,68.9
9.1,57.7,65.9,44.3,77.7,Clear,Morning,Weekday,49.6
14.3,18.9,77.0,20.9,46.5,Clear,Evening,Weekend,35.7
70.7,8.9,24.6,32.2,61.2,Heavy Rain,Morning,Weekday,52.5
82.5,14.1,21.1,64.2,81.0,Rain,Afternoon,Weekday,57.3
6.7,52.3,65.5,55.8,18.0,Rain,Morning,Weekday,44.1
10.5,28.6,85.9,33.6,40.1,Fog,Night,Weekend,38.6
18.8,56.3,63.2,40.7,84.7,Clear,Morning,Weekday,54.1
20.8,42.2,54.8,23.6,21.1,Clear,Evening,Weekday,33.9
72.0,15.1,63.3,51.8,10.7,Fog,Morning,Weekend,46.5
73.1,22.0,48.0,43.3,17.4,Clear,Evening,Weekday,48.2
17.4,16.4,50.8,73.9,15.1,Rain,Night,Weekday,46.1
69.0,80.6,38.9,23.0,29.7,Clear,Afternoon,Weekend,51.5
7.4,65.4,84.5,36.3,55.5,Heavy Rain,Evening,Weekday,74.8
72.2,85.0,61.7,65.4,21.8,Rain,Morning,Weekend,69.4
7.6,11.0,16.8,76.3,20.9,Rain,Afternoon,Weekday,22.8
73.6,87.5,34.3,47.8,34.5,Clear,Night,Weekday,62.2
79.0,67.0,65.6,78.9,55.4,Rain,Afternoon,Weekday,75.5
46.6,35.8,51.4,55.5,28.9,Clear,Morning,Weekday,44.4
31.6,86.5,82.6,50.3,36.1,Clear,Evening,Weekday,61.7
27.4,43.1,62.7,66.5,76.8,Clear,Evening,Weekday,59.9
35.7,53.8,35.7,68.8,53.6,Clear,Evening,Weekend,51.8
22.5,76.1,76.4,19.6,58.6,Rain,Morning,Weekday,59.5
53.3,53.4,21.7,53.5,28.9,Fog,Evening,Weekend,45.5
21.1,89.1,84.2,41.4,84.3,Rain,Morning,Weekday,66.4
9.3,43.5,88.5,52.6,45.7,Clear,Morning,Weekday,44.6
73.1,9.9,77.8,27.2,51.1,Clear,Evening,Weekend,49.7
22.4,85.2,55.3,5.8,35.3,Rain,Morning,Weekday,48.3
57.6,56.4,31.3,49.2,73.1,Clear,Afternoon,Weekday,50.6
73.5,79.3,26.3,54.3,81.6,Clear,Evening,Weekend,65.4
46.3,13.6,77.6,22.7,44.5,Clear,Morning,Weekday,41.7
25.3,32.8,56.4,53.0,39.0,Clear,Morning,Weekday,42.0
42.6,71.5,40.8,54.2,38.5,Rain,Morning,Weekend,57.6
72.1,52.2,35.8,44.9,56.2,Heavy Rain,Evening,Weekday,89.4
56.1,67.9,40.2,68.0,25.5,Clear,Afternoon,Weekday,48.6
24.6,59.0,47.6,6.9,80.1,Clear,Evening,Weekday,47.7
38.1,36.1,40.5,44.3,64.3,Fog,Morning,Weekday,45.1
36.2,94.7,48.3,18.5,74.0,Rain,Afternoon,Weekend,60.0
88.2,37.8,70.9,12.2,78.7,Clear,Evening,Weekday,61.6
84.2,45.8,33.5,73.7,30.9,Fog,Morning,Weekday,58.6
24.7,13.3,14.2,57.4,68.8,Fog,Night,Weekday,49.0
85.1,85.5,28.9,69.6,24.7,Heavy Rain,Morning,Weekday,82.1
20.2,16.2,47.0,65.9,64.2,Clear,Night,Weekday,50.8
77.7,74.0,51.1,6.7,47.8,Clear,Morning,Weekday,55.5
16.2,82.6,76.7,50.9,30.9,Clear,Morning,Weekday,51.4
59.4,72.9,15.4,35.2,10.0,Rain,Evening,Weekday,54.4
51.0,41.4,52.0,82.0,80.7,Clear,Evening,Weekday,66.8
68.9,52.1,42.6,45.3,47.5,Heavy Rain,Morning,Weekday,83.0
30.4,59.4,43.0,35.1,38.0,Clear,Morning,Weekday,42.0
59.3,18.2,79.2,68.2,66.2,Rain,Afternoon,Weekday,57.9
24.3,44.5,48.9,42.3,44.9,Fog,Afternoon,Weekday,37.0
85.6,85.7,83.8,28.6,14.0,Rain,Afternoon,Weekday,67.4
55.9,36.9,51.0,43.2,80.0,Heavy Rain,Afternoon,Weekday,67.1
83.4,19.9,89.4,16.7,63.3,Clear,Morning,Weekday,57.0
7.1,41.3,73.9,41.8,56.6,Clear,Morning,Weekday,42.1
42.3,48.9,71.1,7.9,68.4,Heavy Rain,Afternoon,Weekday,66.6
84.3,39.0,62.8,40.2,64.2,Clear,Morning,Weekend,55.4
37.6,40.5,13.4,29.2,81.5,Clear,Afternoon,Weekday,40.9
17.9,54.2,30.4,78.3,10.0,Clear,Night,Weekday,48.3
10.6,47.1,88.5,79.0,47.0,Clear,Afternoon,Weekend,47.9
88.3,81.6,86.5,25.6,51.9,Fog,Evening,Weekday,76.6
49.8,65.1,76.8,52.2,61.2,Heavy Rain,Evening,Weekday,94.7
41.9,29.5,85.2,29.0,83.0,Fog,Morning,Weekday,57.5
26.9,79.2,54.4,72.6,26.4,Fog,Afternoon,Weekday,47.4
51.1,37.7,69.4,38.5,34.8,Clear,Morning,Weekday,51.0
10.6,33.3,81.1,39.8,71.1,Clear,Afternoon,Weekday,44.2
15.0,26.2,80.3,44.3,81.9,Rain,Afternoon,Weekend,46.6
56.9,19.8,22.7,31.2,38.3,Clear,Morning,Weekend,31.1
50.9,49.3,17.4,82.6,70.6,Rain,Night,Weekday,71.4
16.3,93.5,39.3,59.9,72.0,Clear,Afternoon,Weekday,54.4
33.1,8.5,56.6,84.1,56.1,Heavy Rain,Morning,Weekday,51.5
89.4,14.7,57.5,54.2,49.5,Heavy Rain,Morning,Weekday,64.2
27.1,62.9,66.0,12.7,55.5,Rain,Morning,Weekend,52.3
64.1,77.9,38.7,45.7,32.0,Heavy Rain,Afternoon,Weekend,74.1
88.7,32.8,36.1,24.3,21.2,Clear,Morning,Weekday,43.0
14.2,45.4,21.9,10.9,67.8,Rain,Afternoon,Weekday,35.9
15.4,63.0,85.4,49.2,54.1,Fog,Morning,Weekday,50.6
18.3,22.2,15.3,7.5,74.0,Clear,Morning,Weekday,28.2
38.8,68.8,35.9,15.6,34.5,Fog,Afternoon,Weekday,43.3
53.2,68.0,10.6,67.7,81.6,Clear,Afternoon,Weekend,52.2
80.2,26.6,58.3,81.6,78.0,Heavy Rain,Afternoon,Weekend,76.4
65.5,77.0,39.8,5.2,46.2,Heavy Rain,Afternoon,Weekday,72.8
61.0,71.3,50.4,47.5,76.7,Fog,Evening,Weekday,69.4
85.7,77.0,46.4,62.5,51.0,Rain,Evening,Weekday,79.5
39.6,61.4,73.3,43.0,75.9,Fog,Night,Weekday,61.9
31.8,58.2,45.9,29.0,58.9,Clear,Morning,Weekend,41.9
27.6,52.8,13.2,81.2,43.7,Clear,Afternoon,Weekend,41.2
28.3,78.3,53.7,38.3,47.6,Fog,Evening,Weekday,54.0
56.0,9.6,89.1,22.1,59.6,Clear,Morning,Weekday,50.3
52.7,34.6,53.6,21.0,61.4,Clear,Evening,Weekend,43.1
16.0,72.4,30.7,57.6,60.4,Clear,Night,Weekday,58.0
13.3,88.9,34.8,48.4,51.2,Clear,Night,Weekend,53.0
5.3,26.6,72.3,68.6,80.8,Fog,Morning,Weekday,46.3
70.1,75.2,47.2,14.8,60.1,Clear,Morning,Weekend,54.2
38.0,22.0,85.6,63.0,78.3,Rain,Night,Weekend,75.8
18.8,35.8,51.8,60.2,24.6,Fog,Evening,Weekday,42.1
38.1,73.1,18.3,46.0,70.9,Clear,Morning,Weekday,50.3
68.6,11.0,89.4,23.1,59.3,Fog,Afternoon,Weekend,51.5
59.6,22.9,13.4,41.2,10.3,Clear,Night,Weekend,36.0
40.3,80.4,87.6,74.0,16.4,Heavy Rain,Afternoon,Weekday,74.3
16.5,49.5,89.7,63.1,35.6,Rain,Morning,Weekend,50.2
31.5,79.0,33.5,73.7,14.1,Clear,Night,Weekday,57.3
37.3,18.8,37.2,38.0,15.6,Rain,Morning,Weekday,34.1
6.9,93.3,36.2,61.9,75.2,Fog,Evening,Weekend,54.8
13.1,28.8,36.7,76.1,23.7,Clear,Evening,Weekday,37.5
76.5,54.5,53.3,73.7,70.9,Rain,Afternoon,Weekday,72.7
52.0,31.8,81.6,65.2,13.1,Fog,Afternoon,Weekday,46.6
9.4,11.2,85.9,52.1,18.0,Rain,Afternoon,Weekday,31.8
27.5,58.2,54.9,68.5,16.2,Clear,Evening,Weekday,51.8
58.6,6.5,27.5,61.7,22.7,Fog,Night,Weekday,55.0
5.4,52.1,31.9,68.6,68.2,Clear,Afternoon,Weekday,38.4
61.7,22.3,52.2,32.5,40.3,Rain,Night,Weekday,51.5
77.8,16.2,43.6,56.9,47.3,Fog,Afternoon,Weekday,49.4
15.9,21.6,61.3,14.6,60.3,Clear,Morning,Weekend,33.3
67.2,66.6,20.6,22.5,82.0,Rain,Evening,Weekday,69.2
6.2,14.6,26.5,16.6,64.3,Heavy Rain,Night,Weekday,31.7
61.1,66.2,45.5,21.1,57.6,Clear,Afternoon,Weekend,52.6
61.3,49.1,85.9,40.0,28.9,Clear,Morning,Weekend,53.1
68.6,52.2,26.3,13.8,31.5,Clear,Morning,Weekend,40.5
69.8,10.9,46.4,29.3,26.8,Clear,Night,Weekend,42.9
27.9,48.2,45.1,15.7,68.6,Rain,Afternoon,Weekend,46.7
59.6,18.0,31.4,34.7,29.1,Clear,Night,Weekday,38.0
39.3,10.7,86.6,13.6,77.4,Clear,Morning,Weekend,44.9
77.7,56.7,84.0,78.7,57.1,Fog,Morning,Weekend,70.3
63.6,54.8,55.4,5.1,24.5,Clear,Afternoon,Weekend,41.3
73.4,57.8,60.3,58.6,82.0,Rain,Afternoon,Weekday,76.2
80.7,34.2,78.6,33.6,66.9,Rain,Afternoon,Weekday,65.9
63.6,14.3,81.7,23.5,75.0,Clear,Afternoon,Weekend,47.6
62.9,92.8,45.3,15.9,65.4,Clear,Morning,Weekday,62.8
39.8,94.2,61.4,76.2,77.0,Clear,Night,Weekday,78.0
26.3,58.8,69.7,80.1,28.1,Rain,Morning,Weekday,60.5
66.9,88.4,49.2,84.4,69.7,Fog,Morning,Weekday,73.7
53.9,5.0,65.7,79.8,66.5,Rain,Morning,Weekend,56.2
53.6,65.1,25.4,70.8,27.6,Clear,Morning,Weekend,45.2
30.1,10.5,46.0,54.5,12.4,Heavy Rain,Evening,Weekday,41.5
69.7,80.1,44.5,60.0,72.5,Clear,Afternoon,Weekday,61.5
19.9,80.9,43.6,11.8,21.8,Clear,Afternoon,Weekday,36.8
19.1,69.2,67.1,75.7,49.8,Fog,Afternoon,Weekend,52.1
33.1,45.8,76.3,52.5,59.5,Clear,Afternoon,Weekday,50.9
42.8,33.4,58.5,79.1,69.9,Heavy Rain,Morning,Weekday,71.5
44.5,13.2,56.5,68.7,19.5,Clear,Evening,Weekday,47.1
52.6,40.5,62.0,62.0,71.3,Clear,Morning,Weekend,55.4
25.4,9.6,78.7,48.5,15.6,Rain,Morning,Weekday,36.9
27.2,54.4,76.2,8.5,46.8,Heavy Rain,Morning,Weekend,68.5
12.6,18.3,45.4,38.8,57.5,Clear,Evening,Weekday,37.3
89.4,35.4,12.6,5.9,12.0,Rain,Morning,Weekend,38.7
32.4,73.2,74.6,51.9,16.2,Clear,Night,Weekday,63.4
50.8,38.4,73.0,64.9,55.4,Heavy Rain,Night,Weekday,86.0
72.5,50.4,33.2,28.4,21.9,Rain,Morning,Weekday,55.8
29.4,52.0,71.4,17.0,71.8,Clear,Evening,Weekday,51.4
8.4,44.1,12.1,52.9,10.2,Clear,Morning,Weekday,22.9
35.7,51.4,52.4,37.4,52.2,Clear,Morning,Weekday,45.6
32.3,64.5,39.3,70.7,68.9,Clear,Morning,Weekday,54.1
9.5,23.7,42.8,73.5,51.9,Rain,Evening,Weekday,46.1
59.1,89.5,84.0,19.8,14.8,Clear,Morning,Weekday,57.3
76.0,16.2,54.5,47.3,10.4,Rain,Morning,Weekend,46.0
85.6,49.9,84.5,46.3,38.4,Heavy Rain,Afternoon,Weekday,74.9
18.2,10.9,65.7,54.5,32.1,Clear,Afternoon,Weekday,32.5
39.6,19.3,29.4,38.6,63.8,Clear,Evening,Weekday,39.3
31.3,75.0,16.6,74.9,71.7,Clear,Night,Weekday,64.3
68.8,73.2,79.3,8.4,40.2,Clear,Evening,Weekday,61.2
30.0,91.3,82.9,6.9,16.3,Clear,Afternoon,Weekday,44.6
53.9,78.3,50.4,78.4,67.9,Heavy Rain,Afternoon,Weekday,86.1
20.2,93.4,36.5,82.8,44.9,Heavy Rain,Morning,Weekday,68.0
63.4,10.2,78.2,24.1,78.7,Clear,Evening,Weekday,57.0
26.9,33.4,66.7,36.6,26.6,Clear,Morning,Weekday,39.9
49.7,69.9,73.0,48.6,55.5,Clear,Afternoon,Weekday,55.4
23.4,41.4,35.8,23.1,76.2,Heavy Rain,Evening,Weekend,57.5
57.0,50.4,70.7,31.2,39.2,Rain,Afternoon,Weekday,58.4
78.4,85.3,10.9,19.8,71.5,Fog,Morning,Weekday,61.8
14.5,16.5,57.8,78.9,28.3,Clear,Afternoon,Weekday,31.8
29.1,93.1,19.6,63.0,41.2,Clear,Evening,Weekday,52.5
72.3,17.1,14.6,29.9,15.3,Clear,Afternoon,Weekend,30.1
50.8,25.3,41.8,43.2,72.9,Rain,Evening,Weekday,55.4
66.5,89.7,58.5,45.5,15.5,Rain,Afternoon,Weekday,61.4
84.4,67.6,78.6,28.5,49.0,Clear,Evening,Weekend,64.9
71.1,35.4,49.4,36.6,42.7,Heavy Rain,Morning,Weekday,65.0
15.9,75.2,11.4,8.4,24.5,Fog,Afternoon,Weekday,28.3
80.2,13.0,79.7,7.2,21.5,Rain,Afternoon,Weekend,45.5
19.9,24.7,81.8,33.5,71.3,Rain,Morning,Weekday,49.6
77.0,43.2,54.9,77.2,56.6,Fog,Evening,Weekday,74.4
14.8,32.4,54.4,68.5,83.9,Heavy Rain,Afternoon,Weekday,59.1
82.6,71.3,52.3,37.6,25.9,Rain,Evening,Weekday,69.9
36.5,67.2,11.4,70.8,48.1,Fog,Afternoon,Weekday,44.9
53.8,89.1,67.2,41.2,29.1,Heavy Rain,Afternoon,Weekday,75.9
85.1,42.9,60.0,69.6,75.2,Rain,Evening,Weekday,81.9
68.4,65.8,70.9,73.3,16.7,Rain,Morning,Weekend,68.8
59.1,56.2,21.8,50.2,32.1,Heavy Rain,Night,Weekday,87.7
77.8,90.8,81.2,13.7,72.9,Heavy Rain,Morning,Weekend,91.9
41.5,55.8,86.9,9.4,56.7,Clear,Afternoon,Weekday,49.7
43.9,42.6,81.3,56.4,23.0,Clear,Afternoon,Weekend,44.7
56.6,34.3,63.0,77.6,58.8,Fog,Afternoon,Weekday,56.7
6.5,78.7,32.8,5.2,35.9,Clear,Evening,Weekend,34.1
53.1,44.1,12.4,69.4,68.8,Clear,Evening,Weekday,51.2
61.2,13.4,54.0,50.8,35.9,Rain,Night,Weekday,62.6
73.7,13.8,76.4,75.6,67.5,Heavy Rain,Afternoon,Weekday,71.6
15.2,80.9,72.2,36.9,21.2,Rain,Evening,Weekend,50.0
81.4,81.9,76.6,18.1,66.4,Clear,Evening,Weekday,72.6
82.1,40.0,89.9,14.3,83.5,Clear,Morning,Weekday,62.8
57.0,79.1,75.9,7.0,80.9,Clear,Morning,Weekday,62.8
58.5,11.6,69.0,9.3,40.6,Clear,Evening,Weekday,43.0
42.7,42.0,21.5,63.4,26.5,Clear,Morning,Weekday,38.1
28.9,19.6,67.1,40.9,20.5,Clear,Night,Weekday,38.3
34.3,55.0,17.4,74.8,64.4,Heavy Rain,Night,Weekend,89.9
53.1,88.9,15.3,67.2,11.7,Fog,Evening,Weekday,57.8
21.9,45.8,17.1,15.6,79.9,Clear,Night,Weekday,39.2
39.1,47.0,84.2,42.1,25.4,Fog,Night,Weekday,50.4
18.9,39.2,27.5,38.8,71.9,Fog,Afternoon,Weekday,37.4
88.0,38.8,25.2,40.8,76.9,Rain,Afternoon,Weekday,61.8
19.3,57.1,13.8,74.1,32.1,Clear,Evening,Weekday,41.1
9.5,45.7,64.6,71.6,39.9,Rain,Night,Weekend,61.7
47.5,51.2,83.2,11.0,72.5,Rain,Night,Weekend,62.5
75.3,14.2,25.5,46.6,83.0,Clear,Afternoon,Weekend,47.5
67.2,59.6,28.7,39.1,72.0,Heavy Rain,Afternoon,Weekend,84.2
20.1,66.3,35.5,7.3,27.2,Heavy Rain,Night,Weekday,56.1
55.0,69.7,44.3,59.5,84.6,Rain,Evening,Weekday,80.5
25.1,41.5,72.4,16.7,69.4,Clear,Morning,Weekday,45.0
76.5,21.2,60.3,31.2,21.9,Fog,Evening,Weekday,49.9
33.5,94.0,85.0,59.9,40.4,Clear,Morning,Weekday,64.7
11.2,56.4,36.2,36.8,44.3,Rain,Morning,Weekday,44.0
27.8,43.7,58.7,28.1,51.0,Clear,Morning,Weekend,37.3
33.1,8.1,58.4,63.4,59.7,Rain,Night,Weekday,60.4
48.1,31.3,20.4,75.6,35.3,Heavy Rain,Afternoon,Weekday,53.5
29.1,45.7,53.7,41.6,70.8,Fog,Evening,Weekday,52.2
20.2,85.6,42.1,36.2,24.7,Heavy Rain,Evening,Weekday,64.3
28.4,75.2,87.1,10.1,57.1,Fog,Afternoon,Weekday,51.0
17.7,61.1,83.2,45.5,63.9,Clear,Evening,Weekday,57.4
47.0,72.5,73.2,47.6,61.1,Clear,Evening,Weekday,67.4
36.3,67.6,80.6,58.1,75.1,Heavy Rain,Afternoon,Weekend,83.3
43.8,8.4,63.8,18.4,77.5,Clear,Evening,Weekend,40.4
20.5,52.1,46.9,36.5,20.5,Heavy Rain,Evening,Weekday,62.8
85.9,66.5,69.1,72.7,69.2,Heavy Rain,Morning,Weekend,95.9
81.6,56.5,18.2,37.4,29.6,Rain,Night,Weekday,62.3
66.4,88.9,24.2,80.6,39.2,Fog,Morning,Weekend,60.2
64.0,35.9,58.6,59.9,17.7,Heavy Rain,Night,Weekday,78.2
36.4,7.3,61.7,46.5,81.7,Fog,Afternoon,Weekday,43.2
46.5,66.2,76.0,22.9,24.6,Rain,Morning,Weekday,61.5
54.0,88.4,19.1,43.5,46.3,Clear,Afternoon,Weekday,50.9
27.9,8.4,77.1,21.8,33.1,Clear,Afternoon,Weekday,30.1
14.1,70.6,39.3,75.9,71.3,Rain,Evening,Weekday,63.4
41.2,81.6,13.7,81.8,29.9,Heavy Rain,Evening,Weekday,72.6
85.8,76.3,12.8,33.3,44.2,Rain,Night,Weekday,66.7
45.2,10.4,68.6,15.5,45.9,Clear,Morning,Weekend,35.8
77.8,36.3,23.0,15.9,34.8,Heavy Rain,Evening,Weekday,56.6
32.6,74.6,50.5,68.4,43.7,Clear,Morning,Weekday,53.5
33.7,35.4,69.3,58.5,50.6,Clear,Afternoon,Weekend,46.6
32.0,69.1,59.1,19.2,19.7,Fog,Night,Weekend,45.2
41.4,34.9,20.9,73.1,76.2,Clear,Evening,Weekday,50.8
60.0,25.9,86.7,15.5,75.8,Fog,Evening,Weekend,57.3
10.9,5.5,37.2,7.7,25.3,Rain,Afternoon,Weekday,15.3
30.8,81.6,52.0,35.6,54.0,Fog,Afternoon,Weekday,52.4
89.2,25.0,45.9,56.0,43.1,Fog,Evening,Weekday,58.4
36.1,51.4,69.1,18.4,37.7,Clear,Night,Weekday,45.5
19.7,53.9,75.3,64.0,24.3,Clear,Morning,Weekday,49.2
5.6,32.4,17.4,35.2,10.6,Clear,Morning,Weekday,17.6
66.0,46.7,11.9,18.2,45.4,Rain,Morning,Weekday,51.5
81.5,48.2,35.7,64.7,37.2,Rain,Afternoon,Weekday,63.3
85.1,34.3,59.5,45.9,68.2,Rain,Afternoon,Weekend,64.5
67.0,40.3,53.9,19.5,43.0,Clear,Afternoon,Weekday,46.2
21.9,75.8,68.3,79.1,59.2,Fog,Night,Weekend,69.7
19.7,56.9,55.3,54.2,65.6,Fog,Night,Weekend,63.9
60.9,57.7,61.2,23.9,51.3,Clear,Morning,Weekday,55.7
25.8,57.0,81.6,21.3,51.7,Clear,Afternoon,Weekday,45.9
67.7,84.4,27.5,69.7,31.7,Fog,Afternoon,Weekday,57.5
73.9,74.7,58.9,63.0,23.5,Clear,Evening,Weekend,62.3
20.9,20.7,15.6,9.4,28.5,Fog,Afternoon,Weekday,19.9
14.6,49.1,81.6,31.2,53.5,Rain,Night,Weekday,50.4
74.0,72.7,17.9,68.5,39.8,Heavy Rain,Night,Weekday,94.0
80.1,28.9,54.3,53.5,80.5,Fog,Afternoon,Weekday,61.8
34.7,24.0,69.2,61.4,37.9,Rain,Morning,Weekday,49.9
10.2,80.4,70.0,84.8,67.6,Clear,Morning,Weekday,62.4
59.9,78.3,78.4,50.9,18.2,Clear,Evening,Weekday,62.8
66.9,85.9,79.4,6.8,21.2,Rain,Evening,Weekend,63.9
34.6,7.2,34.2,43.2,59.0,Heavy Rain,Morning,Weekday,40.3
5.4,42.4,47.6,21.8,54.5,Clear,Night,Weekday,32.3
17.8,18.7,26.6,14.4,61.5,Heavy Rain,Afternoon,Weekday,35.7
9.5,59.5,69.7,12.1,18.5,Clear,Morning,Weekday,34.9
66.3,45.2,67.8,57.9,79.4,Heavy Rain,Night,Weekday,97.4
67.0,8.3,55.8,39.5,35.3,Rain,Evening,Weekday,54.9
74.0,74.9,18.3,66.1,31.2,Clear,Morning,Weekend,53.6
58.2,17.7,37.0,5.7,59.9,Fog,Morning,Weekday,39.7
76.4,58.2,66.1,34.3,82.6,Heavy Rain,Evening,Weekday,100.0
60.7,77.5,27.2,58.4,54.7,Clear,Evening,Weekday,58.4
13.3,92.2,19.5,27.0,41.8,Clear,Afternoon,Weekday,37.2
83.5,24.1,12.2,80.3,76.6,Heavy Rain,Morning,Weekend,68.4
40.9,37.6,23.0,23.5,47.1,Clear,Afternoon,Weekday,35.2
86.9,43.8,79.0,6.8,27.1,Clear,Morning,Weekday,57.2
34.1,28.5,79.1,71.2,61.3,Rain,Morning,Weekday,57.9
26.2,16.2,59.3,77.6,40.4,Rain,Night,Weekday,55.6
80.9,32.7,15.2,40.4,60.8,Fog,Afternoon,Weekday,48.9
25.9,48.2,18.5,71.9,28.8,Clear,Morning,Weekday,37.7
72.8,51.3,13.1,7.1,78.4,Heavy Rain,Afternoon,Weekday,78.2
69.9,13.1,22.9,46.3,50.8,Rain,Evening,Weekday,51.7
17.6,7.7,67.6,82.9,62.8,Rain,Morning,Weekday,46.5
26.0,46.6,28.3,11.4,13.6,Heavy Rain,Afternoon,Weekday,39.0
30.5,77.1,24.0,61.3,11.9,Rain,Morning,Weekday,48.5
35.2,43.3,44.4,25.3,12.2,Clear,Morning,Weekday,35.2
79.1,23.0,42.2,70.8,79.0,Clear,Morning,Weekday,58.0
75.0,12.1,56.8,47.0,72.3,Rain,Afternoon,Weekday,60.2
39.3,43.3,34.8,31.4,54.2,Heavy Rain,Evening,Weekday,61.2
61.7,16.2,30.2,6.6,59.1,Rain,Afternoon,Weekend,40.4
65.8,73.2,78.6,55.5,30.2,Clear,Morning,Weekend,56.8
71.7,8.8,58.8,45.1,70.6,Clear,Evening,Weekend,54.4
38.6,59.5,89.2,56.1,58.6,Clear,Afternoon,Weekday,57.7
37.5,55.1,33.4,37.9,38.7,Clear,Morning,Weekday,39.2
45.8,29.0,28.7,18.9,34.2,Clear,Evening,Weekend,33.8
55.6,57.5,83.0,84.7,43.5,Clear,Evening,Weekend,63.9
41.6,93.9,62.8,7.1,45.0,Rain,Evening,Weekday,58.7
12.6,9.9,22.7,58.2,12.1,Heavy Rain,Evening,Weekday,31.5
84.6,89.9,73.9,23.8,61.3,Heavy Rain,Afternoon,Weekday,90.0
71.3,45.4,21.7,14.0,83.2,Fog,Evening,Weekday,55.0
87.0,88.5,50.7,70.2,73.9,Fog,Night,Weekend,90.5
16.8,73.2,46.1,75.4,36.7,Rain,Night,Weekday,66.9
48.1,44.4,10.9,18.8,70.9,Clear,Morning,Weekday,39.5
13.0,80.8,77.4,35.4,16.4,Rain,Morning,Weekday,50.1
18.4,85.2,63.9,52.2,69.4,Rain,Afternoon,Weekend,57.0
66.7,40.3,85.5,58.6,73.6,Rain,Morning,Weekday,73.4
65.6,28.3,73.2,68.2,41.8,Clear,Morning,Weekend,52.7
20.0,30.6,81.5,60.3,51.9,Clear,Afternoon,Weekday,45.4
54.4,82.3,62.7,56.3,23.6,Rain,Night,Weekend,79.7
29.1,59.9,40.7,24.9,29.9,Rain,Morning,Weekday,45.6
10.5,6.0,54.9,13.2,20.7,Fog,Afternoon,Weekend,21.0
39.6,53.8,20.0,45.2,53.0,Heavy Rain,Morning,Weekday,69.8
47.7,60.3,80.4,16.0,29.4,Rain,Night,Weekend,57.8
53.9,43.2,59.9,10.1,32.5,Clear,Evening,Weekday,46.3
66.6,37.2,70.4,53.0,71.1,Fog,Night,Weekday,73.5
23.1,69.8,81.6,32.3,83.6,Clear,Morning,Weekday,56.5
33.3,79.7,11.8,18.2,78.0,Clear,Afternoon,Weekday,42.5
13.3,33.6,12.5,20.5,31.7,Clear,Afternoon,Weekday,19.2
69.2,48.6,82.9,64.8,67.9,Clear,Morning,Weekday,68.3
58.6,54.2,86.5,63.4,75.0,Rain,Afternoon,Weekday,71.3
28.0,51.5,89.6,68.0,73.0,Rain,Night,Weekday,81.0
51.4,60.5,53.1,69.4,28.7,Fog,Afternoon,Weekday,52.1
84.1,39.3,35.0,76.4,16.8,Clear,Morning,Weekday,52.1
14.4,60.2,67.8,59.4,14.4,Rain,Afternoon,Weekday,46.7
37.4,67.5,38.1,10.6,15.9,Rain,Morning,Weekend,44.4
70.6,77.7,26.6,30.2,40.8,Heavy Rain,Morning,Weekday,75.8
36.7,10.0,48.8,8.9,54.6,Rain,Afternoon,Weekday,35.0
54.3,21.1,33.5,35.1,38.1,Heavy Rain,Evening,Weekend,50.2
42.0,49.8,14.0,68.1,29.7,Clear,Evening,Weekday,44.2
36.0,73.1,37.2,76.4,52.8,Heavy Rain,Afternoon,Weekday,72.9
71.4,77.5,12.3,15.5,74.3,Clear,Evening,Weekend,55.1
77.6,21.6,43.5,61.0,14.1,Clear,Afternoon,Weekday,41.1
9.6,67.5,64.0,17.8,24.0,Clear,Morning,Weekend,36.4
41.4,84.3,65.5,42.9,40.1,Heavy Rain,Evening,Weekday,79.1
20.0,68.8,18.0,34.8,82.9,Rain,Night,Weekday,55.5
38.0,10.4,70.8,83.4,11.1,Rain,Afternoon,Weekday,42.5
89.3,16.5,80.0,18.8,54.7,Fog,Afternoon,Weekend,52.3
73.2,45.2,89.5,37.7,29.7,Clear,Evening,Weekday,60.8
83.2,9.8,52.3,23.3,67.0,Rain,Morning,Weekday,55.9
37.8,72.7,13.8,49.3,83.0,Rain,Afternoon,Weekday,58.8
31.3,16.1,54.6,65.1,47.8,Heavy Rain,Afternoon,Weekend,49.1
9.0,65.8,44.3,29.4,37.6,Rain,Afternoon,Weekday,40.1
79.8,15.0,85.6,17.3,63.5,Clear,Evening,Weekday,57.5
88.1,66.4,59.7,70.2,16.4,Clear,Evening,Weekend,63.4
29.9,62.7,69.4,44.1,12.3,Heavy Rain,Afternoon,Weekday,63.0
11.2,47.7,67.1,57.4,14.6,Heavy Rain,Evening,Weekday,55.6
8.5,34.6,60.8,7.7,55.7,Heavy Rain,Morning,Weekday,46.9
17.3,61.2,28.4,72.8,76.1,Clear,Night,Weekend,62.8
67.9,51.3,67.2,36.7,45.6,Clear,Night,Weekend,57.2
19.6,27.9,83.3,81.4,29.6,Clear,Evening,Weekday,51.5
35.7,10.9,58.2,22.4,62.8,Rain,Morning,Weekday,44.7
73.0,65.3,29.3,52.7,21.0,Rain,Afternoon,Weekday,62.6
67.5,77.4,55.4,39.0,54.0,Rain,Morning,Weekend,70.2
10.2,94.4,35.2,51.3,20.0,Rain,Morning,Weekday,42.4
37.0,8.3,17.2,63.3,54.9,Heavy Rain,Afternoon,Weekday,38.8
81.9,79.8,61.9,52.4,22.2,Clear,Afternoon,Weekday,62.1
88.8,64.4,50.0,36.4,71.3,Fog,Afternoon,Weekend,65.6
48.7,9.4,56.2,78.9,22.6,Clear,Evening,Weekday,46.9
80.6,6.5,65.3,35.9,42.5,Clear,Night,Weekday,50.8
62.1,55.2,74.2,43.5,39.0,Clear,Morning,Weekday,57.3
72.7,31.0,83.4,23.8,51.5,Fog,Evening,Weekday,58.9
48.4,9.3,48.6,38.7,66.3,Heavy Rain,Evening,Weekday,53.8
78.6,58.0,76.6,68.2,12.6,Clear,Evening,Weekday,68.8
39.4,21.4,39.6,70.2,80.8,Fog,Afternoon,Weekday,45.3
6.7,67.0,44.9,82.8,60.1,Clear,Morning,Weekday,49.7
82.9,31.9,16.9,12.2,73.1,Fog,Morning,Weekday,52.2
51.0,14.1,59.1,78.8,54.4,Heavy Rain,Afternoon,Weekday,54.2
70.7,73.4,44.4,48.9,32.1,Clear,Afternoon,Weekday,54.5
18.5,59.6,72.8,47.2,50.5,Rain,Afternoon,Weekday,50.7
50.0,66.4,61.3,67.5,15.4,Clear,Evening,Weekday,57.9
76.7,56.2,81.7,6.9,54.6,Clear,Night,Weekday,59.1
69.9,37.3,77.9,55.5,53.3,Heavy Rain,Morning,Weekday,81.1
52.0,5.5,85.5,76.8,37.6,Clear,Morning,Weekday,48.6
31.7,91.2,46.8,41.6,63.0,Rain,Morning,Weekday,61.2
71.6,13.7,63.8,71.8,51.4,Clear,Evening,Weekday,62.6
42.0,20.9,21.3,80.4,35.1,Rain,Afternoon,Weekend,43.4
82.6,28.8,68.5,26.3,19.9,Heavy Rain,Afternoon,Weekday,58.5
76.0,33.7,72.4,15.1,73.4,Clear,Evening,Weekday,61.4
65.4,6.6,68.7,10.1,39.9,Fog,Night,Weekday,45.0
44.0,24.0,20.9,72.8,45.3,Clear,Morning,Weekday,38.4
66.3,75.9,10.4,12.1,49.0,Fog,Evening,Weekday,51.4
66.0,26.6,20.9,38.6,39.2,Fog,Night,Weekend,46.1
45.9,10.3,38.1,50.0,62.4,Fog,Morning,Weekday,45.4
56.9,80.9,80.9,13.7,71.2,Clear,Morning,Weekday,66.6
68.2,25.5,75.4,68.5,14.0,Rain,Morning,Weekday,58.2
41.6,33.3,11.2,81.6,29.2,Heavy Rain,Night,Weekday,63.4
71.7,55.6,36.2,28.4,70.8,Clear,Afternoon,Weekday,53.4
53.7,82.9,43.0,15.5,29.3,Fog,Evening,Weekday,54.1
86.5,76.4,51.2,16.3,45.6,Heavy Rain,Evening,Weekday,86.3
66.7,11.4,30.6,8.6,36.4,Rain,Evening,Weekday,40.0
44.8,31.7,87.7,67.7,64.6,Clear,Afternoon,Weekend,52.7
79.1,18.6,52.4,37.5,30.5,Rain,Morning,Weekday,52.0
51.6,94.1,89.7,76.3,79.8,Rain,Afternoon,Weekend,78.6
24.4,87.9,73.8,55.4,73.7,Clear,Morning,Weekday,62.7
42.9,45.0,32.1,9.0,37.0,Rain,Afternoon,Weekday,41.2
22.5,21.4,76.0,52.5,50.6,Clear,Evening,Weekday,48.3
64.5,70.8,63.3,53.0,76.7,Clear,Morning,Weekday,68.9
85.0,13.5,88.9,6.5,34.6,Clear,Night,Weekday,45.2
64.7,20.1,11.9,62.4,37.8,Clear,Evening,Weekend,43.7
12.1,20.9,10.1,11.6,20.1,Clear,Afternoon,Weekend,14.9
79.1,10.4,22.6,38.4,70.9,Fog,Morning,Weekday,47.9
66.2,21.5,80.3,82.3,59.1,Rain,Morning,Weekday,69.4
7.7,30.4,86.5,44.4,67.4,Heavy Rain,Evening,Weekday,59.6
84.1,68.7,57.2,34.3,12.1,Clear,Evening,Weekday,56.5
38.4,91.2,59.8,82.6,68.0,Clear,Evening,Weekday,70.4
34.6,89.4,80.3,39.3,48.0,Rain,Evening,Weekday,68.9
58.3,86.9,86.4,84.2,35.3,Rain,Night,Weekend,87.1
69.6,26.9,39.9,50.4,21.0,Clear,Morning,Weekday,45.6
53.4,57.0,61.5,36.8,42.1,Fog,Evening,Weekday,58.6
66.0,48.0,13.5,60.6,28.1,Rain,Morning,Weekday,54.6
86.3,64.6,55.6,28.1,53.6,Fog,Afternoon,Weekday,59.7
46.7,38.9,77.8,17.6,34.6,Clear,Evening,Weekend,41.4
23.1,39.2,30.4,76.9,23.8,Clear,Afternoon,Weekday,32.1
20.9,90.2,66.2,17.0,69.2,Clear,Night,Weekday,54.7
7.7,8.6,81.6,38.7,60.8,Clear,Morning,Weekend,34.2
82.6,50.9,29.4,17.1,77.7,Clear,Afternoon,Weekday,51.4
83.8,30.3,64.3,81.6,79.3,Rain,Evening,Weekend,76.9
88.5,45.6,78.6,73.9,16.6,Rain,Afternoon,Weekday,63.9
8.9,90.8,29.2,58.7,76.2,Heavy Rain,Night,Weekday,81.8
49.3,12.0,47.0,42.1,11.8,Rain,Morning,Weekday,37.1
34.3,19.6,67.1,49.1,23.6,Clear,Night,Weekday,43.4
66.7,20.4,38.2,77.8,68.9,Rain,Night,Weekend,73.7
53.1,44.0,71.8,45.3,25.9,Clear,Afternoon,Weekday,46.5
31.6,72.5,65.2,42.6,62.8,Clear,Afternoon,Weekday,49.8
89.4,35.6,28.9,47.8,70.6,Rain,Morning,Weekday,61.3
85.1,50.8,56.6,76.9,70.3,Clear,Night,Weekday,77.6
13.2,51.3,23.4,65.3,22.2,Clear,Afternoon,Weekday,31.6
58.1,80.5,28.3,58.0,21.7,Clear,Morning,Weekday,49.5
23.0,16.9,69.9,47.0,18.2,Clear,Night,Weekday,38.0
21.7,5.9,20.1,55.2,11.0,Clear,Morning,Weekday,23.1
64.1,24.7,20.5,62.4,47.4,Heavy Rain,Morning,Weekend,54.5
66.0,8.7,72.1,15.5,17.0,Clear,Morning,Weekday,38.9
63.0,79.2,37.6,68.4,27.3,Heavy Rain,Afternoon,Weekday,78.9
13.2,53.4,20.6,10.7,11.7,Clear,Afternoon,Weekday,24.0
63.3,71.8,47.6,35.2,55.6,Heavy Rain,Morning,Weekend,80.5
15.1,75.7,31.1,72.4,65.6,Heavy Rain,Morning,Weekday,68.7
53.2,77.1,26.2,14.5,46.5,Rain,Afternoon,Weekday,54.1
76.5,80.7,82.6,41.8,66.5,Fog,Afternoon,Weekday,74.6
12.1,51.1,41.5,33.9,32.7,Clear,Evening,Weekday,37.8
42.5,43.8,88.4,59.8,55.3,Clear,Morning,Weekday,53.9
60.0,38.9,46.3,15.4,22.7,Clear,Night,Weekday,38.7
17.5,24.5,42.9,16.0,72.2,Clear,Evening,Weekday,35.0
17.9,66.1,78.0,55.9,81.6,Rain,Afternoon,Weekend,64.3
57.5,71.6,84.4,16.8,28.0,Clear,Evening,Weekday,57.2
63.0,28.7,26.1,32.1,28.0,Clear,Night,Weekend,42.5
87.8,21.8,39.3,9.6,49.9,Clear,Morning,Weekday,47.8
73.8,26.7,16.3,71.8,73.6,Rain,Afternoon,Weekday,60.0
36.4,47.0,68.2,78.3,52.3,Clear,Afternoon,Weekday,51.6
81.1,76.8,31.5,66.8,77.6,Rain,Night,Weekday,90.1
36.5,47.5,78.6,36.4,79.8,Rain,Afternoon,Weekend,57.5
22.7,30.2,16.3,32.5,37.7,Rain,Night,Weekday,37.5
84.6,87.5,34.5,12.0,35.6,Heavy Rain,Afternoon,Weekday,76.4
53.9,40.7,77.5,19.5,74.0,Clear,Afternoon,Weekend,49.8
36.3,69.6,89.0,26.3,38.9,Fog,Morning,Weekend,54.3
60.3,57.5,29.8,76.8,80.6,Heavy Rain,Afternoon,Weekday,86.3
66.1,10.0,55.3,22.6,67.8,Clear,Night,Weekday,44.1
50.4,66.8,19.8,80.2,71.6,Fog,Morning,Weekday,57.6
51.7,13.3,84.6,27.5,21.7,Clear,Night,Weekday,43.7
41.8,86.5,73.8,25.8,73.3,Rain,Evening,Weekday,72.0
59.6,19.7,61.8,70.3,11.9,Rain,Evening,Weekend,55.4
23.9,45.0,46.2,51.2,40.0,Clear,Morning,Weekday,38.9
82.4,63.1,13.7,66.1,62.5,Heavy Rain,Evening,Weekend,86.7
83.8,38.1,61.9,57.7,13.4,Clear,Morning,Weekend,48.6
15.9,32.8,35.6,58.0,80.9,Clear,Morning,Weekday,44.3
63.8,16.1,83.5,66.0,49.7,Rain,Morning,Weekend,60.7
21.9,22.8,59.8,33.1,21.6,Heavy Rain,Morning,Weekend,38.3
20.9,70.4,78.5,67.7,35.8,Heavy Rain,Night,Weekday,89.2
61.0,24.2,28.8,18.5,58.0,Heavy Rain,Afternoon,Weekday,50.7
49.4,59.7,10.1,34.1,45.5,Rain,Night,Weekend,55.7
24.2,25.4,44.1,45.6,82.9,Rain,Morning,Weekday,49.8
8.9,21.9,58.6,68.0,19.1,Rain,Morning,Weekend,31.9
13.4,49.2,22.5,13.0,58.4,Fog,Night,Weekday,35.1
62.6,61.9,24.6,12.2,74.4,Rain,Evening,Weekday,63.0
27.3,82.4,72.3,43.3,34.3,Heavy Rain,Morning,Weekday,75.8
23.4,67.2,22.2,81.2,79.0,Rain,Evening,Weekend,62.6
89.8,36.1,89.2,73.6,52.5,Heavy Rain,Evening,Weekday,89.3
20.2,91.3,42.4,35.2,71.6,Rain,Night,Weekday,59.3
81.5,26.8,81.8,68.2,45.9,Heavy Rain,Morning,Weekday,75.3
28.1,66.5,49.3,13.4,27.7,Rain,Afternoon,Weekend,47.5
70.6,63.8,35.9,6.1,59.5,Clear,Afternoon,Weekday,47.2
71.7,64.8,28.3,71.3,45.5,Clear,Morning,Weekend,56.4
8.8,33.7,55.5,68.9,80.3,Rain,Afternoon,Weekday,47.8
11.1,56.0,83.5,32.4,42.1,Clear,Night,Weekday,46.9
55.4,24.0,35.7,48.8,36.8,Clear,Afternoon,Weekday,36.7
26.6,44.1,22.7,6.2,56.7,Rain,Morning,Weekend,35.4
31.1,89.7,55.7,65.2,42.2,Fog,Afternoon,Weekday,55.8
39.5,56.0,51.9,22.2,22.4,Rain,Afternoon,Weekday,47.0
70.5,16.9,62.2,59.0,12.1,Fog,Evening,Weekend,50.4
45.4,54.0,38.2,72.3,80.2,Fog,Evening,Weekend,62.8
31.2,15.4,17.3,66.6,34.7,Clear,Night,Weekday,46.8
59.1,21.4,20.0,8.7,19.1,Clear,Evening,Weekend,28.1
37.1,94.4,55.0,41.5,79.1,Rain,Evening,Weekday,70.1
52.7,40.6,34.7,58.2,42.6,Clear,Afternoon,Weekday,45.7
80.2,13.0,75.3,35.9,36.1,Rain,Morning,Weekend,50.9
39.6,36.8,65.9,42.6,12.8,Heavy Rain,Night,Weekday,57.4
86.8,44.7,18.8,55.8,58.8,Clear,Evening,Weekday,56.9
64.1,58.4,67.5,19.3,36.2,Clear,Morning,Weekday,52.3
30.5,93.9,78.3,54.1,78.7,Rain,Afternoon,Weekday,66.4
38.4,88.0,43.1,39.8,32.4,Clear,Morning,Weekend,49.7
68.4,32.7,30.6,10.8,77.3,Rain,Afternoon,Weekend,54.2
69.0,26.8,66.5,73.6,30.7,Rain,Morning,Weekend,60.3
27.4,52.3,64.1,57.6,52.1,Clear,Morning,Weekday,50.2
56.5,47.9,84.8,84.1,60.2,Rain,Evening,Weekday,81.4
27.9,27.4,18.3,5.6,77.1,Rain,Morning,Weekday,34.9
45.7,8.9,36.1,76.9,48.9,Clear,Evening,Weekend,44.1
45.2,57.7,78.7,15.1,28.3,Clear,Morning,Weekday,48.2
84.0,18.4,58.9,50.3,71.7,Clear,Evening,Weekday,60.6
14.8,71.0,46.9,73.7,74.8,Rain,Afternoon,Weekday,58.8
58.4,80.6,87.1,49.4,42.3,Heavy Rain,Night,Weekday,93.4
27.2,37.4,33.9,25.7,34.5,Clear,Morning,Weekday,32.9
36.5,84.7,33.7,19.7,72.2,Clear,Evening,Weekday,54.6
21.6,46.2,24.6,37.5,59.2,Clear,Morning,Weekday,37.5
47.9,67.4,74.1,36.7,71.6,Heavy Rain,Morning,Weekend,85.7
